wav_id,situation,gender,raw_roughness_mean,raw_roughness_std,source_roughness_mean,source_roughness_std,source_roughness_norm_mean,source_roughness_norm_std,n_valid_frames_raw,n_valid_frames_source,existing_partial_roughness_mean,existing_formant_roughness_mean,error
5f787514d338b948c4e68c98,angry,female,5.993214683236531e-06,7.724947188816439e-06,9.41626162718839e-05,0.0003044329126992825,0.0010899662510012063,0.0034610792085848652,237,237,0.009673808960333428,0.001022194943722718,
5e37da38c8c25f16cd1457bb,angry,female,6.150302691849523e-06,5.078653627526169e-06,0.00023022363854021462,0.00040798113457673487,0.0029646730682788666,0.006238070956999518,212,212,0.01166906125224416,0.00042543480867427336,
5e340d7a5807b852d9e06327,angry,female,3.6718353513168614e-07,4.2638284810938233e-07,0.00014481515948591272,0.00020178256312803266,0.001725702105885415,0.0027718755227079984,267,267,0.007451424797636147,0.0005694540049400614,
5f9933c89e04b149046ce2b8,angry,female,9.391859758183285e-07,1.3442599295099977e-06,0.0002641548899492504,0.0004084836084812366,0.0021953128033239924,0.003519919118690755,317,317,0.00803572466777477,0.00017635090581366873,
5e38437133e9ad176cc9b765,angry,male,6.728587039847465e-05,8.098179704741714e-05,0.0005811991705263625,0.0007099689352926262,0.0037195293265914107,0.0037503178972349066,528,528,0.007737248598330681,0.0005391961602308871,
5f62c6603bd6941613f6d652,angry,female,3.843251360705103e-07,4.7484830019253506e-07,0.00019823185121347597,0.0005023519244753977,0.001301732463489229,0.003199426629107255,317,317,0.009151233396635575,0.0010020904060001785,
5e3939c8ee8206179943d374,angry,female,6.152707829202681e-06,6.2826829452784505e-06,0.00011305339853738491,0.00016155253514094173,0.0014441032502983656,0.0021955119207140135,440,440,0.005274074584476604,0.001127950831767838,
5e49d4617bef803b4851dd80,angry,female,5.665710482320564e-07,8.537227698636032e-07,2.76445579707376e-05,2.769102836084765e-05,0.0003234758329619254,0.0005558949663162283,664,664,0.009725175171663457,0.0014127067975730919,
5e33aa755807b852d9e0510d,angry,male,4.4993889062763765e-06,4.63373422946684e-06,0.00028807807381535453,0.0004259513042217784,0.002901249960181882,0.003207036763710762,542,542,0.008105334922456704,0.0012632201434172074,
5fbb34ba44697678c497b5a1,angry,male,1.1880329008163113e-06,1.3100957799091406e-06,0.00031385174275782354,0.00039343244438070507,0.0025381852587313646,0.0028419719413698037,284,284,0.008529309237851886,0.0005431166889522416,
5fb9c89d4c55eb78bd7cdfda,angry,female,5.144430293350561e-07,2.3328211867244668e-06,0.0015294674136780717,0.0009964771985956579,0.019298651700073385,0.027600693805923084,263,263,0.011914476629930478,0.0004760805872856692,
5f886f09d338b948c4e69afe,angry,female,3.13205459591772e-07,4.5253252471967634e-07,0.00014376083533805325,0.0003931101541713578,0.0013999168264161182,0.004097992065873874,705,705,0.008274804420188837,0.0009267326831435606,
5f8c2b2dd338b948c4e69f68,angry,female,4.357365812826172e-07,6.676794014537637e-07,4.797485993147916e-05,4.914767637653707e-05,0.0007482506162080522,0.0013522437121480306,594,594,0.007714554731383218,0.0009625698093068795,
5e36cf777995ef170fc0ecdb,angry,female,8.444501578005181e-06,1.0309225337503035e-05,0.00033493533102468685,0.0007479505672673194,0.001727185880879616,0.00317851864990637,223,224,0.009795896755224475,0.0006726215259599046,
5e350b015807b852d9e07421,angry,female,1.0738027671982276e-05,6.96769950972711e-06,0.0010808822653744533,0.0007829229227168438,0.01015150289713086,0.009102521522530473,684,684,0.006988833244840095,0.0005614430529888131,
5e40fb219306c7039ddcc959,angry,male,9.607578087992197e-06,9.908807718393447e-06,0.00021628964010675595,0.0002453614645061874,0.002366436382432774,0.002650571915834826,402,402,0.005835940504536631,0.0019494312112468886,
5fb33fff0fb0f33aa31ca1b7,angry,female,6.282806908466294e-07,1.2281881806980215e-06,0.0004325591853342647,0.0007454928299808904,0.002829643517593551,0.0047203121020839775,630,630,0.010123139133556277,0.000993680872725908,
5e37fa06c8c25f16cd1459c5,angry,female,1.2063092468833068e-05,1.1778271823576404e-05,0.0002454852628463191,0.0003924326647071321,0.0019339672417523904,0.0023127281300963786,540,540,0.01173071924356928,0.0004810795740241827,
5e3638b7bacf60088a5adbe7,angry,male,3.864384826929542e-05,4.4251455735343886e-05,0.0005402102153509946,0.000586599953142674,0.00902460505753447,0.009485385318277147,381,381,0.010006813406772936,0.001491909501517835,
5e396ebf33e9ad176cc9bc11,angry,female,1.47445795910284e-05,2.2583460501216343e-05,5.156647059012158e-05,5.755541066847038e-05,0.00048450346873348037,0.0007330906722309712,342,342,0.0058980720792726,0.0011788392721681384,
5f886972f8fac448cc0a7200,angry,female,2.867286863215928e-07,3.7937643893710134e-07,5.358180363145448e-05,0.00018095511664617268,0.0006880503716627066,0.0023288041811869078,391,391,0.009326847764035579,0.001001122337481878,
5e411a8748600202f726fb49,angry,female,1.5188516155469344e-05,1.8897963564831225e-05,0.00043967955269221296,0.0010339991461283402,0.002618108571810947,0.005596115260786367,287,287,0.0042816722610061,0.001247356669709019,
5e4156089306c7039ddcca7f,angry,female,6.485155597787463e-07,8.501189032177792e-07,0.00036501010356198427,0.0007301491598670851,0.0019767399157320895,0.003176665020311787,241,241,0.010036926757587272,0.00048093187256206,
5e4603262a2d173b73a02a5b,angry,female,2.0263030526803315e-07,3.2512956350828314e-07,0.00015859601525946171,0.00017336413024904987,0.0009056804330139396,0.0032995537799780173,367,367,0.008776183953839169,0.0005524710752876646,
5e415417189842034d9f72af,angry,male,3.740441295743732e-05,4.5424503359579445e-05,0.0005926570516712895,0.0008320583040069141,0.004396292067034567,0.005832244166635178,283,283,0.008730662110833258,0.0007198880384296232,
5f812169d338b948c4e68fa6,angry,female,3.706470601258308e-07,4.578762439405793e-07,3.3912715876492854e-05,5.105680612448243e-05,0.0005927380662025564,0.0013211495005285116,427,427,0.011270221911307483,0.0009455140289438893,
5e395fc2ee8206179943d42d,angry,male,7.5955835984772766e-06,8.280348956298096e-06,0.0007823744996272226,0.000856532377186273,0.0034116653765552236,0.0037850364017885684,593,593,0.007167664598892242,0.0010116568742920143,
5fb383af75b0a9389bf39766,angry,male,1.984411605404289e-05,3.9142348416010573e-05,0.0004936798536274797,0.0008180939215520518,0.003385155394621522,0.004319088958134742,287,287,0.011399442214799965,0.001249816932081996,
5e3629138661d6073410fa76,angry,male,4.512221622530066e-06,3.895896747268397e-06,0.00028851769398249096,0.00018910114617165513,0.0033836077647015394,0.0051051866535167046,313,313,0.011649764470171742,0.0006606712640943891,
5e495785963e443aee02b53a,angry,female,5.234841769314581e-06,6.636608366035755e-06,0.0005281394645118609,0.0010539096794714895,0.0040860839191351256,0.009252994044885925,326,326,0.004899133552436416,0.0012878760046083906,
5fbb6e50576e9378b67acbb4,angry,female,8.808703588209205e-06,1.4941248516591965e-05,0.0014198991743336806,0.0015463126586280436,0.005690091754279217,0.006250751110155356,303,303,0.007956325815702173,0.0011738818030211564,
5e49400ec38c123b9ec6dab2,angry,female,8.765549501659666e-07,1.9193535616282085e-06,0.0002554520458394617,0.0006158305021523797,0.0029975210735924945,0.006633764700352037,414,414,0.006459997594381146,0.0005897810509563231,
5f633e9c2e23c7161accd578,angry,female,2.0958774713533214e-07,3.1813766709220125e-07,2.0874813148590017e-05,3.058197678317322e-05,0.00027776884040068276,0.0005707267639991672,571,571,0.01078514168888598,0.0008261759658820811,
5e317c1c5807b852d9e0341a,angry,female,2.2963168492901685e-05,3.1748722063861083e-05,0.000485251812576588,0.0008875774314678581,0.0025894979642290777,0.004574072856290925,957,957,0.007716034892632134,0.0007977756432331214,
5e37e8c3ee8206179943cbc3,angry,female,5.473062328354412e-06,7.2365345084610505e-06,0.00026886968548781487,0.0007830726430474108,0.0030857040019000724,0.006420256877997754,211,211,0.009980398124799865,0.0009792287414064238,
5f6afde1111dfd48d40fcf96,angry,female,1.1679495085357419e-06,1.5445198649504271e-06,0.0008489871236740708,0.0010728250821044727,0.01177828587170233,0.021439665636712932,411,411,0.007849806301727798,0.0003737861188630817,
5fbe0d164c55eb78bd7ced34,angry,female,1.1140528855857405e-05,1.691430628097446e-05,0.00011521417339343378,0.00037738031767974364,0.0008860483401184507,0.0025820633467549758,288,288,0.007779404931436446,0.0007006858968200952,
5e39641fc8c25f16cd14611e,angry,female,3.772837605235738e-07,4.0737949915188335e-07,0.00046527049006792753,0.0008796148996521934,0.002198818848176503,0.003741928125955861,1283,1283,0.0055999479790165545,0.0007126700443653471,
5e29b3a75807b852d9e01cae,angry,female,1.4342348366718521e-05,1.8842772702996674e-05,0.000508541106827956,0.0007551248613069508,0.002964759964300439,0.007070197571581416,559,559,0.004390993300100886,0.0006179331763838827,
5e36c3b233e9ad176cc9aaea,sadness,female,2.3900022945666568e-05,3.652506658346184e-05,7.462738697916866e-05,0.00032825859211896215,0.0010811149857479164,0.001609403546603813,181,181,0.006766175146799204,0.001061921151246301,
5e380ff5c8c25f16cd145a7d,sadness,male,5.365750498788819e-05,4.513013827045176e-05,0.000530218769110814,0.0007106642580396134,0.006982186865816273,0.011809383587804024,369,369,0.007496026861561793,0.00027983310754986816,
5e453f50c38c123b9ec6d46f,angry,male,4.336443970529145e-05,5.338518408033288e-05,0.0006317824142539631,0.0007954122863006688,0.005425772719356835,0.005976225020896968,689,689,0.008014757499423307,0.0010905371771540934,
5e383be7dbc4b7182a6aa273,sadness,male,4.8653341007856084e-05,5.693858550013167e-05,0.0006756806849996869,0.0008411870705102952,0.0065702318128226175,0.007085852158110397,333,333,0.011012579981802814,0.0010926883162666956,
5e300e4a5807b852d9e02d55,sadness,male,3.333512384686321e-05,3.075171518191969e-05,0.0002647991606256584,0.00020072243665664112,0.0026414687949382226,0.003175998097595614,465,465,0.005966786292081295,0.00025624388517352597,
5f6382d42e23c7161accd5f2,sadness,female,2.1330766492748853e-05,3.949806087792559e-05,0.0003625892056592144,0.0007033651652934307,0.0026348297818905475,0.005310570293783538,508,508,0.0071650555683040774,0.0010166638217784783,
5f8d70e19e04b149046cd636,sadness,female,5.752080913255928e-07,8.746020488980959e-07,6.30858154210093e-05,0.00017009411615264209,0.000722703327181787,0.0012064072050174685,338,338,0.0079742286348683,0.000827408706284205,
5fb8c46a44697678c497af28,sadness,female,5.791239179835781e-06,8.154552963004687e-06,8.873709944254167e-05,0.0002024651006918281,0.0015418592305907316,0.0030025298506182784,437,437,0.006733732398264587,0.0016754711531392448,
5e43700f48600202f7270095,sadness,female,7.084030501818758e-07,6.2583817444867e-07,0.000334336317756607,0.0006251974352127821,0.0034917462705673697,0.00811398610583777,307,307,0.008537947696174995,0.000389482762564101,
5fba373744697678c497b3d2,sadness,female,4.81006995078434e-06,9.868161871841956e-06,0.00059445903216315,0.0010312140396761527,0.003875452503350744,0.006598433043715818,532,532,0.009078622019910979,0.0006445417599771047,
5e38de4fee8206179943d19d,sadness,male,0.00021559930332449643,0.0001701726604540488,0.0002117868956670035,0.0001311712253175874,0.003110537517014917,0.003116388182053951,186,186,0.008601004708817334,0.0009885068467344084,
5e367b9933e9ad176cc9a803,sadness,male,5.154027223887895e-05,7.602867515519953e-05,0.0007304836655954829,0.0006123619562353597,0.009675895392188296,0.007120900459149488,529,529,0.010305663377789948,0.0004653395867747349,
5e2ebbe35807b852d9e0280f,sadness,female,1.8592767905633385e-06,2.037682739243548e-06,0.0011028570276811608,0.0012950390857156102,0.004164346645139654,0.006116488163806023,553,553,0.008257337621783274,0.00047555196899308813,
5fbe094acb503578af9eec2e,sadness,female,1.5638156573040244e-05,2.452071833966744e-05,0.00030098698605870197,0.0005403196226008243,0.0039399356558878044,0.007852247401754678,374,374,0.0052060629664093735,0.0009190093931819888,
5e3503b45807b852d9e07269,sadness,female,5.893867615646445e-06,1.573444404959689e-05,0.0005998067455578361,0.0010527076704770913,0.005806644727214209,0.011125038635731737,421,421,0.008838822596447402,0.0003365359364620437,
5f6ea712111dfd48d40fd26c,sadness,female,2.4690751211941845e-06,1.5397638390868805e-06,0.0004341028467498948,0.0006306454031642557,0.0033289291363240423,0.003276457566952891,174,174,0.006720745499016515,0.0008902424375708426,
5fb8e53644697678c497b013,sadness,male,8.87140731331812e-05,9.517215894775428e-05,0.00039611505569225533,0.00031786334588497115,0.003780864661486065,0.0031658978568362903,163,163,0.007773118417853375,0.0018049463597274561,
5f871b27f8fac448cc0a6fe0,sadness,female,6.44398088675343e-07,9.68427636172335e-07,0.00015217006235509296,0.00041156423152363013,0.0013984111554867006,0.0030111013414821043,722,722,0.007915552701725191,0.0005072432840573381,
5e42a2ed48600202f726fe94,sadness,female,6.442247979776916e-06,8.53064136903173e-06,0.0001170221686408816,0.0002365763850804459,0.0013788550395994765,0.0029532399139534757,619,619,0.007995102774044157,0.0008508526123783522,
5e4860af963e443aee02b325,sadness,female,5.767615982925378e-05,8.476882902187293e-05,0.0004617888148069798,0.0006798017295303207,0.009633547496931951,0.016260510030697135,223,223,0.012252367890881017,0.0006501630289949156,
5e3413015807b852d9e063b9,sadness,female,4.022413607054148e-06,4.26228455459984e-06,8.950912945923513e-05,0.0003365509640274618,0.0012487394010069202,0.004486232342743324,268,268,0.005738763965627527,0.0009719154404305836,
5e37eb2cdbc4b7182a6a9ed6,sadness,female,6.838766315832162e-06,7.710920735656945e-06,0.0003578840257415063,0.0006084960400865092,0.0024670580160659947,0.003806090329449664,362,362,0.007763629640186135,0.0007332768411880014,
5f793a6dd338b948c4e68d2d,sadness,female,4.922341363927685e-07,4.913087589493575e-07,2.0155042947447532e-05,1.0890561899844884e-05,0.000435528027471083,0.0008506962636820639,63,63,0.007400775122411958,0.0004558065652173364,
5e3817f633e9ad176cc9b61d,sadness,male,8.904235514946773e-05,0.00010771032246424485,0.0007442290114898906,0.0009068685627991582,0.011722468139862118,0.02350231232934768,337,337,0.005434428994030958,0.0005848481571305278,
5e42b8102b6c8802f2d85d72,sadness,female,1.3720819260393015e-07,1.0865456501415078e-07,0.0008658193207898545,0.000970702330663339,0.003172722202038287,0.004383537668840963,395,395,0.004954658712746568,0.0002766589886474929,
5e36a619c8c25f16cd144f61,sadness,female,9.560521935404982e-06,7.410808958276974e-06,0.0002898512418388356,0.00023252141369949826,0.002858987949242249,0.0029112697502147234,387,387,0.013143460775302986,0.0004235324899935925,
5e36a57adbc4b7182a6a956d,sadness,male,4.640994967752692e-05,5.00880678407399e-05,0.00038230997907182486,0.0005182002122105867,0.004859188969001409,0.006065999406737735,200,200,0.008931500768999762,0.0004604794894756413,
5fb8cf014c55eb78bd7cde64,sadness,female,9.965180021028009e-06,1.4568199378885577e-05,6.68225576375583e-05,0.0001368491835565889,0.0009412042005705993,0.0013053139782279032,219,219,0.004792959949760946,0.000706165386750846,
5f8ed5bcd338b948c4e6a45b,sadness,female,3.237876835222038e-07,4.989441113569031e-07,5.415873599656986e-05,0.0001901590010331382,0.0007459190944564743,0.002905012395470384,234,234,0.01103193439716206,0.0007067063329627635,
5f8123f39e04b149046cc41c,sadness,female,5.21710608270161e-07,6.602249082801184e-07,0.00011664425973119012,0.0003979387002335709,0.0007558020987963488,0.0013908327334366214,456,456,0.006585475394099003,0.0009873808137109983,
5e331d445807b852d9e0494f,sadness,female,1.8996541147234967e-07,2.0367267712300784e-07,4.2838039819131023e-05,4.031501713065022e-05,0.00035235791940608547,0.0006228423145548629,235,235,0.012794614841048562,9.134159310767364e-05,
5e3391985807b852d9e04f05,sadness,male,0.00014201392064611666,0.0001301771916213806,0.0002894099344037623,0.0004385094002673705,0.004521649706287967,0.004772734157578982,477,477,0.006533292418201855,0.0013400711563632541,
5e4647118849ac3aacea5033,sadness,male,8.3850209058012e-05,0.00010216126341332387,0.0005858663073400127,0.0007235322151503425,0.00896016885281293,0.01000738358803326,685,685,0.0064693016786993756,0.0005858239627636742,
5e392f7c33e9ad176cc9ba92,sadness,male,6.665138291704693e-05,0.00010830666472268358,0.0008187356075020835,0.0007252148628316465,0.007056738365547838,0.0064920690519113256,196,196,0.014822431207351426,0.0012033209025763595,
5e3506b55807b852d9e07310,sadness,female,6.961449244476677e-06,7.5651326709200785e-06,0.00046690347401886795,0.0006307798714743659,0.003942944141552235,0.005758101187741462,635,635,0.00782503342048572,0.0005604158958213409,
5e37ddcd33e9ad176cc9b2f3,sadness,female,1.4093577264617071e-05,1.4900343551704833e-05,0.0003388321290955643,0.0007646765524882102,0.005440172704321118,0.009438997354521729,262,262,0.0068024333603768075,0.0007716264726035914,
5e32c3a75807b852d9e03ec6,sadness,male,5.250444449991214e-05,6.295537158024008e-05,0.0007838330715766856,0.0007898841932822584,0.009347826678602605,0.01134306906316177,639,639,0.00937674660701123,0.0006050355025878655,
5e45328d963e443aee02aec3,sadness,female,2.777641918083018e-07,3.2221676378040893e-07,0.00012855582358782257,0.00044679132190745895,0.0012258969717539943,0.004396698476495747,422,424,0.010588036947711264,0.001306880374697381,
5e32ea315807b852d9e04428,fear,male,1.2160791485531325e-06,8.84013132642807e-07,0.0013564277777098608,0.0013887362069274043,0.007483533608611074,0.00821912841293188,193,193,0.008941236757029547,0.0006742672053356845,
5e43ddc648600202f727017d,fear,male,3.714481909199565e-05,5.4883231448296756e-05,0.00010289802629014937,0.00013575736037070178,0.0016571011418524675,0.0034595087403506827,290,290,0.008536765358692529,0.000676565998112287,
5e2876b55807b852d9e0171c,sadness,male,4.4139049023288994e-05,5.612656557266415e-05,0.0010315511460382693,0.0011544957798819563,0.010849620546899157,0.014513715283897327,630,630,0.009604930954232404,0.0008656983896474773,
5fba1a4344697678c497b30c,sadness,male,4.712988189284027e-05,7.394229406668324e-05,0.0012493468705284411,0.0011636288073372237,0.008092973358386851,0.005453527658679435,468,468,0.010406757736698798,0.0009029941336597943,
5f8275c3f8fac448cc0a692a,sadness,female,3.962895734611521e-07,5.489532194138119e-07,4.0810160045335014e-05,5.326113370833211e-05,0.0006536464200294537,0.0010936125290864494,470,470,0.010030035860349305,0.0008172116132195488,
5f98062f9e04b149046ce0ce,fear,female,6.670946811697959e-07,7.985047883239175e-07,0.0002532981496857689,0.0003550994406985008,0.0019140722945695406,0.004196871206711114,394,394,0.007687292208111001,0.0004419411295272486,
5f69b931111dfd48d40fce55,fear,female,5.6429824076785465e-06,7.76904150589367e-06,0.00013334631441326063,0.00038329224549086736,0.0011459244654496701,0.0036216238735248584,307,307,0.0070908364711876415,0.00037889182287432306,
5f6ad097d338b948c4e685da,fear,female,4.886953880123836e-07,6.251865244453245e-07,9.12553903721755e-05,0.0002637680440622982,0.001105295076161712,0.002113815337744286,263,263,0.008124590605891442,0.0006662164065608956,
5fb9ce55576e9378b67ac5d7,fear,male,5.94713413150086e-05,7.782013939384396e-05,0.00025898726109471894,0.0002510313510936823,0.006748847405165277,0.007926595773466182,360,360,0.005744141216406458,0.0007190910989771215,
5e381f29dbc4b7182a6aa193,fear,male,0.00011152649238329363,0.00010731866173448072,0.00031963364971358154,0.0005523704525518698,0.005633573420882191,0.01017821590050299,608,608,0.006346459604257839,0.0010382012558545145,
5fbb1495cb503578af9ee253,fear,male,6.395945094219684e-07,1.3970686347258863e-06,0.0002934177869114207,0.00024007736205903607,0.005425661314131236,0.015026717343945324,433,433,0.007657193017542728,0.0005119628616567603,
5e369ab2dbc4b7182a6a94ac,fear,female,1.408235558375314e-05,1.2611108424664856e-05,0.0001645018669961662,0.00017374033291406743,0.0020653013712060493,0.003216618951033796,447,447,0.012601427334977686,0.0008012025355750572,
5e379fe7dbc4b7182a6a9ac5,fear,male,4.135052049044419e-05,5.497687115987809e-05,0.000674255792777818,0.0005897324732797881,0.0058707219419708075,0.004671708602610573,563,563,0.007430421267320197,0.000578406290337726,
5e424ea22b6c8802f2d85baf,fear,female,2.178821719761884e-06,2.72050676563221e-06,0.00017803514850632892,0.00044843159981156777,0.0011029125478312753,0.002098646602293746,184,184,0.007744855029767525,0.0011649153073394073,
5f808527d338b948c4e68eff,fear,female,5.90539991281841e-06,1.1407191716111322e-05,0.00027502866498500605,0.0007280543783517599,0.0024251093762525052,0.006162660034221266,727,727,0.010219165066687965,0.0007475014626150804,
5f5f67fb2e23c7161accd206,fear,female,6.185143548653583e-06,1.0289600340872134e-05,0.0005908155357404728,0.000962081008099307,0.004099363487263064,0.008932699611824742,603,603,0.010406895515610725,0.0009071480289275495,
5e3115665807b852d9e030a0,fear,female,2.6802096040779576e-05,3.2185985362795106e-05,9.834906278745522e-05,0.0001265834632009948,0.0016261470110125217,0.00225395615252695,500,500,0.00728446444201858,0.0007267607046888781,
5e3681f705fef317e874b5d5,fear,female,1.0395124041678382e-05,1.6761420289120317e-05,0.0005722966603056795,0.0007930988257764175,0.0032950655790936153,0.0049767920939630325,464,464,0.008017652938500895,0.00028924553992659165,
5e383f1cc8c25f16cd145c96,fear,male,5.3615996800309084e-05,6.356268348653417e-05,0.00038560838878642163,0.0005006770805836467,0.003926122736050968,0.0044939171240038255,361,361,0.00810982649758524,0.0012336852046925765,
5e462bf98849ac3aacea4fe3,fear,male,9.762402537075878e-05,8.431597013796276e-05,0.00036805067892145473,0.0004287954223656402,0.002692927161637884,0.002367086322207253,324,324,0.00612263010483056,0.0018472626221810993,
5e2ec4935807b852d9e02862,fear,female,2.463451726718342e-06,2.9574514844720098e-06,0.00044991866882196103,0.0010577486072423422,0.002552263402291577,0.005644572108629073,223,223,0.0056879691219914475,0.0013717130858519864,
5e35b25e8661d6073410f90d,fear,female,1.1989482023669916e-05,1.5906646410489063e-05,0.00027439867648733617,0.0004491776220111634,0.003924175117701335,0.006888928474712722,289,289,0.007206765652744144,0.0009261665813189003,
5e33ed2c5807b852d9e0603f,fear,female,5.708194169084072e-06,7.3763346418559215e-06,0.00032346762759777944,0.000768564108346201,0.001967345722547631,0.004330319677683962,224,224,0.011999669715916102,0.0007153736247447959,
5e450dfcf2fe7a3b1d5447c2,fear,female,3.1261966259618053e-07,4.127844818101494e-07,0.0006804127088915949,0.0008787700200714963,0.0026050369835878,0.003454565098810329,678,678,0.007424891212786009,0.0009626372425196113,
5fb4ce8ccb503578af9ed990,fear,male,6.532586247607749e-07,1.1606293087112544e-06,0.0008726374009779749,0.0008116493166793592,0.00364215649766008,0.003994500424115847,264,264,0.007765680202173694,0.0004188001538496216,
5e42a0da9306c7039ddcccbd,fear,female,1.7931085928044115e-07,4.57192662870148e-07,0.0006227464218945054,0.0007452135726024705,0.002198047385820714,0.005656934254876971,401,401,0.013326000345412375,0.0003639611541755475,
5f83b279d338b948c4e692ba,fear,female,1.2619539491669875e-06,1.7010426962108568e-06,0.00012638432385827242,8.600724613880444e-05,0.0006439846591875186,0.0005372348519322676,358,361,0.011940725279612666,0.0005215259469655906,
5e411db79329cb02ef38a646,fear,male,5.267999859931315e-05,5.178991053386444e-05,0.00028540438261515994,0.00018833708184132154,0.0038831186048102696,0.0026468515689707845,476,476,0.006691103642208211,0.0008468740830136932,
5f6e0a35f8fac448cc0a607d,fear,female,3.500669235064756e-07,5.072281443749085e-07,3.738140244527637e-05,4.581886922090147e-05,0.0005347525452903487,0.0008097460532161855,403,403,0.011250254381002633,0.0007623852044545276,
5f60ba4f3bd6941613f6d482,fear,female,4.469812268033718e-06,6.52016054590617e-06,0.00012911582031294869,0.0003125197762423893,0.0012367175407980745,0.0023769849654318386,232,232,0.013435415873695022,0.0006960574124184516,
5f7826bb9e04b149046cc0b6,fear,male,4.937304062836495e-06,4.074311554125186e-06,0.000546825405071863,0.0006188842734888103,0.006818691966230104,0.00700124695883119,187,187,0.005173018801596968,0.0004382490535394868,
5e365c6ddbc4b7182a6a91c1,fear,male,4.477075288529497e-05,6.88919770813834e-05,0.0003166755758538133,0.00029472204759145267,0.0035688983720241333,0.0027068026741032614,517,517,0.006964498866492445,0.00022554239334317318,
5fb487f24c55eb78bd7cd8e7,fear,male,6.665847973601405e-05,9.394127777832122e-05,0.0006928298218111685,0.0007762151187448198,0.011672341271375725,0.017508313086721947,169,169,0.012400527894531404,0.0007909878611837913,
5e462c482a2d173b73a02a8b,fear,male,7.1251796707654e-05,7.685699914253115e-05,0.00036240475314969363,0.00043561484390698506,0.0034266430493923466,0.003684927715181757,361,361,0.006548353835397887,0.0004187847670277496,
5e48ead58849ac3aacea5397,fear,female,9.36404679787771e-06,1.5937770892488025e-05,0.0005553779258576787,0.0011292279072039908,0.002313268667087096,0.004530745267312153,976,976,0.009142064299587025,0.0008627810961755138,
5f88eb03d338b948c4e69b4a,fear,female,4.727420947711473e-06,5.905586902548e-06,3.253896385035478e-05,4.173590653014727e-05,0.0005162573989762466,0.000762325926986979,216,216,0.007882121250609006,0.0022896339980948833,
5f9a33069e04b149046ce47e,fear,female,3.786968700268219e-07,5.099208592071422e-07,4.27751380605873e-05,4.949960677449991e-05,0.0005223504136016567,0.0007636601228948271,544,544,0.009051554037340483,0.0010919215127054747,
5e36715905fef317e874b551,fear,male,5.2468833912800595e-05,6.319282207990106e-05,0.0007160849853190482,0.0006871705300020442,0.006117801632867397,0.006254645517720374,374,374,0.006872862318026949,0.0005510442914871231,
5fbb463d44697678c497b5d9,fear,male,3.681592213001127e-05,4.6128645067052775e-05,0.0003272575743948894,0.0003368717678279044,0.0028441502239235847,0.0038602954226680097,282,282,0.011062391071724376,0.0004909748303005127,
5e33eeec5807b852d9e06098,fear,female,1.0451209568947966e-07,1.3632008579214713e-07,0.00029981376693620347,0.0006718903867644708,0.0019481561546130903,0.004260717825049711,578,578,0.010761801897875881,0.0007162884347717542,
5e37ef95dbc4b7182a6a9f33,fear,male,3.430283218710546e-05,4.6373222118723714e-05,0.0005171822757957172,0.0005069608551472807,0.006992011901382624,0.009756664756564096,531,531,0.00955130075593481,0.00013683523991488665,
5e37d77cdbc4b7182a6a9dcb,fear,female,1.6463739841218052e-05,3.8124373856957995e-05,0.00026498408239005865,0.00033268228530090524,0.0026968029173843645,0.0028340230563284274,354,354,0.010343526878654918,0.0005473035251557485,
5e34cd925807b852d9e06894,disgust,female,1.1190647926809071e-05,1.7373591186210023e-05,0.00037163103754752903,0.0007912415032784311,0.002775893860201618,0.005552509821941104,329,329,0.004789821041453834,0.0019169427046557476,
5fbe28b8576e9378b67ad43d,fear,female,8.741355440953061e-06,5.471753254169454e-06,0.0007393445613158218,0.0006646214590005772,0.004030853843360407,0.004271286864743596,420,420,0.013625077449675543,0.0004749783176377707,
5f997c3ad338b948c4e6aff3,disgust,female,2.1924393917626607e-07,2.9086567191549997e-07,0.0003707427557294362,0.0006494141763007345,0.0024834101607285573,0.00463547240713602,444,444,0.008620412667410319,0.0006250162144629285,
5f8bbd6c111dfd48d40fe833,disgust,female,1.6906722617977568e-06,1.846663903744924e-06,0.0008328763878101379,0.0010541416040600689,0.004833328114172888,0.005513252088228693,278,278,0.012403630119404568,0.0006906313600689824,
5f8ba66dd338b948c4e69ed8,disgust,female,1.4904305326177476e-05,2.8623964654296923e-05,0.00019827232259429764,0.00043446260024396,0.0037363464023216567,0.0061156616464498655,215,215,0.009290971413147914,0.002306175547146714,
5f83053ef8fac448cc0a69a0,disgust,female,4.128230673347984e-06,5.772191917319589e-06,9.690575523363464e-05,0.00021139254352595647,0.0010239419700663935,0.0023156024024067997,308,308,0.014634145882495819,0.0007745909106085907,
5f81cb27d338b948c4e69122,disgust,female,2.8972473445050225e-07,3.028433020088152e-07,8.537657241406803e-05,0.0002707350992205282,0.0009161264101798083,0.002746236459229963,369,369,0.008123464967180643,0.0010508481268939015,
5f427a3716bbac1317968f14,disgust,female,1.0784004256910988e-05,1.7452859359492436e-05,0.0002965049138031528,0.0008020846624129964,0.002118169995466622,0.005404959329490887,882,882,0.007929348140061491,0.0013369839180154706,
5e37be91dbc4b7182a6a9c73,disgust,female,2.0893129171913703e-05,2.6986498757988295e-05,0.0005306923035369913,0.001008603754761426,0.0027898459476294064,0.005101631938795299,300,300,0.005796176371299865,0.000968866830371932,
5e43d9db0b3f160367c20d1a,disgust,female,3.5425993017472173e-07,3.198201332461708e-07,7.861913156795309e-05,6.347490521614519e-05,0.000872375568689763,0.000826431634943157,270,270,0.006729146853498848,0.0008568713739349884,
5fbb93a0576e9378b67accb4,disgust,male,8.443473977592609e-05,0.00010547569366141062,0.0006410618369032322,0.000628530115178112,0.007814069380358541,0.010494937856414534,347,347,0.010212201873967208,0.00038337162971186,
5e43739b2b6c8802f2d85edf,disgust,female,2.852438697226656e-07,2.897000728017841e-07,0.00019441137641279866,0.00027949733174027736,0.0013425781130827889,0.0019043942226732798,276,276,0.011610165173553,0.00035842119699736264,
5f6e06d0d338b948c4e688b4,disgust,female,2.49488839835879e-07,3.4941309963259403e-07,4.399633327923393e-05,0.00011190004807691677,0.0004811713337043399,0.0017261375642819879,513,513,0.009036860023564908,0.0011744494359958559,
5f8a4b3fd338b948c4e69d68,disgust,male,0.0002269643206266409,0.00018579080203502528,0.00027237680496623945,0.00033894827585060727,0.003947197190595336,0.00459399282233133,168,168,0.01051986138058766,0.0008862977745989315,
5e48e5157bef803b4851dba7,disgust,female,1.8319065504431963e-06,2.297113737259521e-06,0.00026331276385460053,0.0005736490432967871,0.0021513355881253296,0.006176830497824911,389,389,0.016177915602415254,0.0007372493164389424,
5f636645b878131628349ec9,disgust,female,5.443426053517638e-06,7.6074803526866925e-06,0.0001861363248731063,0.0005551248466108392,0.0017787163657254333,0.005183247145019635,235,235,0.01082981321747888,0.0006639050552061962,
5e33f30b5807b852d9e0615c,disgust,male,1.1948495715899656e-06,1.1737443632807755e-06,0.00020681675734826631,0.00016005559830104964,0.002118141350650412,0.0026420736389016547,117,117,0.004689074137011813,0.00028538184757363337,
5f7814d4d338b948c4e68c34,disgust,female,3.160422553556736e-07,3.6841450859020657e-07,0.0001735810048848118,0.0004766197230444534,0.0010902116869409633,0.0022928167387877975,330,330,0.012374645950632661,0.0004036343260814868,
5e36c720c8c25f16cd145033,disgust,female,1.375229000006165e-05,2.046865012579217e-05,0.00013013498400894324,0.0004702223962913435,0.001597876779166735,0.0036738367979761823,220,220,0.009090372200106438,0.0011494502894984781,
5e48e7d18849ac3aacea5392,disgust,female,6.311302722256107e-06,9.662545447619212e-06,0.0008962267201912158,0.0012292119685595709,0.0026528511389244786,0.0038185700765987563,610,610,0.009289092007980044,0.0007934310655223912,
5e37a20a05fef317e874bdbe,disgust,male,8.824170799331741e-05,8.262761321241626e-05,0.0005216261203646093,0.0006985912555301507,0.0054166794200092815,0.0050220925304407,475,475,0.009228466191092547,0.0007836066260367625,
5f9a7afbf8fac448cc0a8867,disgust,female,3.934496797717965e-06,7.5401409892383106e-06,0.00014745079029968125,0.00025780915235013344,0.002885030304660115,0.010022286440006372,347,348,0.006795973571856138,0.0012436313272229773,
5e378c697995ef170fc0f006,disgust,male,0.00010588511923255865,0.00011546544022522192,0.000732664926777784,0.0012149068253185292,0.00837490920375095,0.014629356693063849,386,386,0.008234770569545516,0.0003950032380264936,
5e39546aee8206179943d3e7,disgust,male,6.997865842372558e-05,7.416871253040699e-05,0.0005725776602663739,0.0007541429883404839,0.0047346911485756545,0.00407071477339929,370,370,0.007930143411643801,0.0014147802187255332,
5f64175e639e10419832ebad,disgust,female,3.537003400180824e-07,5.627278929071488e-07,5.180495275534226e-05,0.00010431212531212366,0.0006926970960302249,0.0015637221030913222,458,458,0.00701175638431406,0.0008744744581246745,
5f6c95a7111dfd48d40fd0ed,disgust,female,6.144449655200309e-06,9.34200585431178e-06,5.269831736817436e-05,6.69775884728455e-05,0.0007254395808621599,0.0011272516755322353,282,282,0.007831352988820465,0.00042159744298012465,
5f98433ad338b948c4e6ad3e,disgust,female,9.570662600971995e-07,1.5593642524436746e-06,0.0001725800733539462,0.000305358374048871,0.0019076155124543056,0.0025051217851349314,620,620,0.00710938018425289,0.0012637803186337697,
5fb8c229cb503578af9edca5,disgust,female,5.671708334734846e-06,7.448838996542156e-06,5.5508554944050705e-05,6.371156880684917e-05,0.0011272892975054646,0.0026457724091620252,264,264,0.012831879892232967,0.0008265016825826189,
5f66cafe111dfd48d40fcb74,disgust,female,4.070212777006549e-07,5.215927386584153e-07,6.035986536710163e-05,0.00015161658026944622,0.0006955612653470337,0.0020344460276750242,531,531,0.007963688985649411,0.0010830107314982551,
5e33d2535807b852d9e059dd,disgust,female,1.718706457308359e-05,4.649781576873615e-05,0.00031332563264584005,0.0005207284121856226,0.0015637349591802578,0.0017645245771301967,154,154,0.00909815204986186,0.0012396071714608056,
5f645cb9d0b14d419059b893,disgust,female,2.4554180795459037e-06,2.8451543938154585e-06,0.00032183211964790875,0.000586177303940302,0.0021722660534968783,0.003682544786063741,210,211,0.0067465377724325445,0.0005999924341219674,
5f9237b4111dfd48d40ff165,disgust,female,9.028879277537856e-07,1.32514944020131e-06,0.00018500069669057713,0.00039185867866004713,0.0014619998334160227,0.003376620959887522,378,378,0.010826761348203023,0.0008254023984283475,
5f708f9ef8fac448cc0a61ef,disgust,female,2.9485400578830634e-05,6.414468135421303e-05,0.0003651257733310951,0.0006713362764251664,0.00704014773955448,0.01209424309811688,326,326,0.009606998419886152,0.0022297009460582433,
5fbe2d9f44697678c497c02d,disgust,male,7.077831005220396e-06,7.906382235045045e-06,0.00021804040085591838,0.00026590521504804316,0.0039059936020328467,0.007010146477091365,233,233,0.010259000606830425,0.0007827657772799337,
5fb8d01bcb503578af9edd1d,disgust,female,1.1096939338408354e-05,1.5671649002161897e-05,7.303975382063756e-05,0.0001646928954989924,0.0026084749975875555,0.006330124377717573,382,382,0.004655779357406032,0.0009479204160757871,
5e488f958849ac3aacea52e7,disgust,female,9.766045249521318e-06,1.730268817698806e-05,0.0008490332825376939,0.0012725381492630053,0.0036669435250513533,0.00480010960608649,689,689,0.007549668738075543,0.0005665640500167427,
5e44d621963e443aee02ad5d,disgust,male,3.3359672855383576e-05,5.9694605474891464e-05,0.0008096800571323713,0.0008217468214853458,0.006417056164705287,0.007039564162998975,644,644,0.010993314686828692,0.001030121786523817,
5e355cce5807b852d9e0828c,disgust,female,6.531462964783379e-06,7.402106236300393e-06,0.0002630293389224276,0.0005853297629976796,0.0034569028505143738,0.008572122313672057,306,306,0.014611740560287287,0.0015141110396508705,
5e36318b8661d6073410fbfd,disgust,female,1.0785052280920047e-05,9.065344526910084e-06,0.0003596322207720244,0.0006630010605789645,0.0024951097685648577,0.004046322855715984,611,611,0.006103210181849752,0.0007715005661259537,
5fbdd62b4c55eb78bd7cec5e,disgust,female,4.048673379107465e-06,7.5642994626400135e-06,0.0006067731360241019,0.0007079824343794991,0.0029298999554366652,0.006107636282251725,630,630,0.00592575343526222,0.00070865532008906,
5fbe0aa9cb503578af9eec42,neutral,female,1.3097582356363673e-05,2.1446728815625683e-05,0.00014446095221608483,0.0001608353901432562,0.0006500859365034285,0.0008207874711423486,183,184,0.008619967616695258,0.00041628475244096376,
5fb9ffa94c55eb78bd7ce142,neutral,male,1.1324926256083034e-05,1.566665218253776e-05,0.0015372700463546995,0.001546075370892243,0.007454472196778018,0.0062815512475950875,332,332,0.006227770638454544,0.0005356312242511194,
5f846c64d338b948c4e6941f,disgust,female,3.8742540867826993e-07,5.002108544723071e-07,3.8040526499909244e-05,7.94109011024458e-05,0.00062023162383377,0.0017483933576835208,509,509,0.010778525360584287,0.0015616822920918266,
5f98ad0c9e04b149046ce1b5,neutral,female,4.2156996299715207e-07,5.527225171633016e-07,0.0005155637055253674,0.0007411131083029508,0.0018015256676486976,0.0022678269836421943,661,661,0.00813296240894928,0.0005914014945356366,
5f60373ab878131628349bef,neutral,female,1.0575323882306718e-05,9.991775138153003e-06,0.0001789927965858704,0.00010472111060156133,0.0012140882738382614,0.0009636965559312544,256,256,0.005544327817132352,0.000333716106919236,
5fbcdd4c4c55eb78bd7ceac3,neutral,female,3.6702424115569363e-06,5.466996851226295e-06,0.0002511765679405156,0.0006598699144875886,0.00187774891555449,0.005468220672888407,354,354,0.006806232357090948,0.000668234841101851,
5f66fadd9e04b149046cb6dd,neutral,female,7.019731689708462e-07,8.726278704783306e-07,0.00033796521739798847,0.0007491987052447008,0.0034727274791033482,0.010447115393447804,457,457,0.01359780311420978,0.00039098069907715925,
5f60924cb878131628349c3a,neutral,female,2.5431921992124894e-05,3.30675656832881e-05,9.274622562679955e-05,0.00012365916109372804,0.0021092930507828163,0.0029339460143763736,244,246,0.0071342232549606545,0.0011408236937382882,
5f69a9339e04b149046cb992,neutral,female,6.746717233274431e-07,9.55553433399551e-07,0.0007494103764947973,0.0008710505779020181,0.009295657593549745,0.01686035311141549,464,464,0.009633746677042705,0.0007239580187952486,
5f5d81023bd6941613f6d21d,neutral,female,1.583921304962015e-05,2.292536898494489e-05,0.00024008286958084678,0.0006318871216238539,0.0017775621415471062,0.0037350391915798096,653,653,0.008117063226560698,0.0006016463050117778,
5f77d970f8fac448cc0a636d,neutral,female,4.123815056575709e-07,4.7113003144131006e-07,0.00017610191302811943,0.0003820448286077236,0.0012428604501969495,0.0019237184953122468,411,411,0.007027371308063077,0.00028973269159956354,
5fbcdfc8cb503578af9ee9d9,neutral,female,3.0632750182587696e-06,4.192492364890212e-06,0.00027698286814790415,0.00042424083731363335,0.002875756582609761,0.005342651254931117,249,249,0.008425205653861326,0.0004781898098056103,
5f88720dd338b948c4e69b0e,neutral,female,4.123337135876102e-07,5.211962424800577e-07,0.00010945926134624239,0.00029628271290137414,0.0009163264088201661,0.0023129363872935967,542,542,0.009153544803719658,0.0009559482192750538,
5fb9e8edcb503578af9edf6d,neutral,male,8.572101957292557e-06,2.133849408264243e-05,0.0010054325949689297,0.0006018549707491478,0.005047163213520617,0.003219654084696378,428,428,0.018902643666615537,0.0005370337471614835,
5fbdbc68576e9378b67ad1dd,neutral,female,1.4434750169360173e-05,2.3446331736061864e-05,0.00037623987177564115,0.0007793360085832778,0.002408726290382066,0.004922855714392068,433,433,0.008038253767465546,0.0008978130799335925,
5fb8923d44697678c497ae2d,neutral,female,1.0755709035708987e-05,9.003777593078238e-06,0.0003417978208430575,0.0004067129015975882,0.005426046282303482,0.005460121082272805,278,278,0.0077900079233334755,0.0006209145283620309,
5f6ad36fd338b948c4e685e3,neutral,female,2.9888526243076513e-07,4.6004257859490837e-07,0.000311721391179033,0.0006404402993579482,0.0019869176520733965,0.003613470479585723,397,397,0.008620673643808682,0.0006660147002600492,
5f6b0100111dfd48d40fcfa4,neutral,female,1.169348717674427e-06,1.4867147903350938e-06,0.0001319806638814823,0.00010581289840599846,0.0012151575392522328,0.0015157081435056405,572,572,0.010172439786312337,0.0005868179136117507,
5f780a499e04b149046cc0a3,neutral,female,1.1807917036322676e-06,1.2294130348476018e-06,0.0004628645321974651,0.0007553889818618448,0.0037027800478920676,0.005205489493850561,452,452,0.013373559996375649,0.0007157483492694495,
5fbb591acb503578af9ee438,neutral,male,6.013398319908039e-05,7.439316075125914e-05,0.0011962296655880212,0.0010257551765875126,0.01049704853305289,0.01063586073050363,188,188,0.012746818191865295,0.0007162991318700509,
5f68299c9e04b149046cb801,neutral,female,4.823942959086891e-06,4.517243410765985e-06,0.00036860877194341395,0.0006398028970896223,0.004169201070354171,0.007654193679543682,318,318,0.010153679687853964,0.0018596972562862325,
5f7087f0d338b948c4e68a3d,neutral,female,1.0291697606531583e-05,1.6259496545287568e-05,0.0005437063827357108,0.0008845879515495908,0.004162238933009302,0.007121165416377544,464,464,0.010773098296275518,0.0021556254708164522,
5f8cd156d338b948c4e6a163,neutral,female,5.844414486809399e-07,7.900278118399345e-07,8.160494009989947e-05,0.00014671467161370063,0.0015776141735014846,0.0031763461304811494,489,489,0.009090170186452045,0.0008391231112502367,
5fb8985944697678c497ae63,neutral,male,5.720163409297513e-05,6.765647986046585e-05,0.0004904341343253428,0.0005870255494139058,0.007112598156663261,0.010428401460182587,232,232,0.007725711597844958,0.00020561385849685582,
5f8e8f0f9e04b149046cd7c8,neutral,female,1.5368268534273816e-05,1.7438542978189678e-05,8.337170567689963e-05,7.263352673382067e-05,0.0012643418194485316,0.0012417656911176656,163,163,0.011309088416245993,0.0008826826500484663,
5f5d8916b8781316283499c4,neutral,female,1.1949729571331224e-05,1.508178020321249e-05,0.0001418780560183974,0.00011311791260167347,0.0011613365172743234,0.0013411624720948202,279,279,0.01137719754181861,0.0006273741571472657,
5f8a2c01d338b948c4e69d3e,neutral,female,3.9920875875244116e-07,7.058512552816115e-07,0.00021565966318848597,0.00047257885774153045,0.002536265703365627,0.005053105404229104,403,403,0.008672303668850028,0.0010616950257292276,
5fb9caadcb503578af9edec9,neutral,male,5.96665544828305e-06,7.418258497786454e-06,0.0003348381093302699,0.0002795905651038695,0.004375338618105342,0.008903704586336495,374,374,0.006188683020450795,0.0007157060102577891,
5f633fdc54b2361621284d43,neutral,female,2.8630146644912904e-07,4.162417607348077e-07,4.537872279433508e-05,7.244879808795587e-05,0.0005204542234641538,0.0008527756811688166,408,408,0.008793497684598448,0.0010622729333967537,
5fb87e0acb503578af9edb1a,neutral,female,4.908087955737056e-07,6.835377472741742e-07,0.0005826998421930746,0.0009647592681654653,0.004080077851156531,0.007025476542925835,288,288,0.013381635943031428,0.00021470810817304396,
5fbe2c7f576e9378b67ad476,neutral,female,1.0654492022631154e-05,8.980661790111752e-06,0.0008704218188639777,0.0010023387954292949,0.00495842466879552,0.006616569805924396,497,497,0.008011867966513085,0.0005501022525188867,
5f883d06111dfd48d40fe3bc,neutral,female,4.883608381263643e-06,6.367038062949914e-06,1.7810819221300985e-05,2.2162283800430018e-05,0.00025601298177638525,0.000394795256728492,221,221,0.014251975261281307,0.0005672792670146147,
5f663a9dd338b948c4e6819b,neutral,female,1.1848501723689376e-05,1.369587899418909e-05,0.0008465822825889237,0.0012080691325604702,0.004400755310362478,0.005791328960437069,178,178,0.00991678723557705,0.0008353247208502904,
5fbb72274c55eb78bd7ce642,neutral,female,3.539984713186545e-07,5.122282140285303e-07,0.000166254283592631,0.0004384546736611928,0.0011818221945276053,0.0023852691659528567,442,442,0.010933562270052625,0.0006537131880227938,
5f922a39d338b948c4e6a86c,neutral,female,4.477499264017422e-07,6.444956800828341e-07,4.1510364221093587e-05,4.529125849485215e-05,0.0006394716636451037,0.0009599704581952071,438,438,0.009965804626209645,0.0011444348505937002,
5fb8e7e7576e9378b67ac4d4,neutral,male,5.192658072554141e-06,3.95263206266033e-06,0.001031970041743714,0.0014448869059907354,0.005318067121537387,0.003911048433813562,51,51,0.009084971240599725,0.0014752746751368652,
5f5b621eb87813162834981c,neutral,female,1.1013116091510358e-05,1.1652979984193732e-05,0.0006843941837461803,0.000874475362567263,0.004040649120335149,0.005665246213179157,679,679,0.009234361354099484,0.0004986329251932792,
5f6404e954b2361621284df1,neutral,female,4.330956607146529e-06,5.356922628207684e-06,0.00028459128818684076,0.0006356405529143461,0.001904241083616721,0.004459838786163063,282,282,0.010397871141786063,0.0015355740688856522,
5fba1cf84c55eb78bd7ce1de,neutral,male,4.659246208838252e-05,5.2010880992032214e-05,0.000884526733560017,0.0007346755991301898,0.01044474971182091,0.007292723686143034,276,276,0.012767710051311994,0.0004161788570732156,
5fba3b174c55eb78bd7ce2b4,happiness,male,5.410651690131029e-05,7.212399994803122e-05,0.00023209853639986596,0.00025679347177908954,0.002569702722597334,0.003685597806684101,224,224,0.008796146187132755,0.00012535022871371443,
5fbdd3a8576e9378b67ad27d,happiness,male,0.00013985766103326392,0.00013937335757947082,0.0005948969897964976,0.0007690135428711108,0.008921133975420678,0.008466819215988516,299,299,0.00903348199277717,0.001149475481492428,
5fb4b3074c55eb78bd7cd9f3,happiness,female,3.4036265383202698e-06,5.5102212074855216e-06,0.0001817632388983727,0.0002652940571888962,0.002524676157477138,0.003955367733513272,248,248,0.00862173197137235,0.0005020081342551655,
5f77d940111dfd48d40fd55d,neutral,female,6.328089652960406e-07,6.813369631203284e-07,0.0002100482053431779,0.0004179920268414432,0.0017230688270642599,0.0031589129266761367,418,418,0.008221305765691132,0.0005886523357038524,
5f5eb08554b2361621284948,neutral,female,3.0675946570139764e-07,3.380037060516283e-07,0.00045442365416243697,0.0007917180631283096,0.0030261263873535478,0.005014456864009811,529,529,0.008091466034590714,0.0010327086253591727,
5fbdba724c55eb78bd7ceb9a,happiness,male,2.6666490456600136e-05,4.813201025808048e-05,0.00042135054495063027,0.0004703972624733266,0.0021719661291024,0.002572524686057384,187,187,0.010379680166984625,0.0011496551820774884,
5f6bd403d338b948c4e686b0,happiness,female,1.2212579502866384e-05,2.3351236289501156e-05,9.553271440403943e-05,0.0002548364333098392,0.001718145388349548,0.003505575899641205,269,269,0.008047068136350798,0.0006944391843042261,
5f846eaa111dfd48d40fdda7,happiness,female,3.495713671747429e-07,4.565482596829918e-07,7.854503416538592e-05,0.00014792047535141698,0.0010562928640760626,0.002428239268122863,324,324,0.008601763364931313,0.0011381642294271126,
5f6be9589e04b149046cbb79,happiness,female,1.282096037286853e-05,3.551857499923383e-05,0.00018091460004001912,0.000391817259903377,0.0026492567391400343,0.007110426403922647,428,428,0.011747841855440096,0.0014700784828240775,
5f789136f8fac448cc0a641d,happiness,female,3.413499319300542e-07,4.13629321642267e-07,0.00018903284523312457,0.0005601135716440594,0.001291912574936254,0.0031655141060888494,544,544,0.008329893064386326,0.0009837589881821337,
5f6012f1b878131628349ba9,happiness,female,5.310273544285846e-07,5.2581951051557e-07,0.0004019950188887514,0.000744364688457775,0.0020271065062081096,0.002620910083757257,478,478,0.007564252699016224,0.0012445704792302308,
5fbb8c6c4c55eb78bd7ce6c9,happiness,female,6.8746043724869436e-06,8.921696106077514e-06,0.00022647173347323032,0.0004253877649496061,0.0014712579090799351,0.0028474141653760917,279,279,0.006858782370752103,0.0010517303399850738,
5fbdd2534c55eb78bd7cec35,happiness,female,1.144826434963002e-07,1.7365547701189558e-07,7.318605459111432e-05,0.00027149326715091677,0.0008897432731433632,0.0038959154944985673,480,480,0.006987582851217501,0.0003020579796532306,
5f85c4c1111dfd48d40fdfbd,happiness,male,2.2846764147869626e-05,4.236743003470067e-05,0.000743544585334829,0.0008066391974473156,0.006323051086484801,0.006814320995054036,185,185,0.008003934229731561,0.0004838252613857774,
5f6384a154b2361621284dac,happiness,female,1.6361139278216223e-05,2.5982456202374206e-05,0.0002837587351175705,0.000785020825089701,0.002839314304472173,0.007316735899645282,292,292,0.007726878403939605,0.0014337965387759884,
5fb9e0f344697678c497b19d,happiness,male,0.00014672413732533658,0.00017138435490931123,0.0005121511367953663,0.0005636271648496432,0.005004081335489962,0.005755539753524577,404,404,0.00873416509117758,0.0012041123706328627,
5f6307bab878131628349e94,happiness,female,5.919055512782922e-07,8.855067665409321e-07,0.0007507317473260706,0.0010479050583793639,0.007266680619396839,0.018367644058831185,1241,1241,0.010351337687043872,0.0007413863047565063,
5fb86c6744697678c497ad00,happiness,female,2.651449218914865e-07,2.6293194722666237e-07,0.0011419010135397655,0.0013607253847174748,0.005514429793126459,0.007500610502955286,425,425,0.010009129034099958,0.00023126586756173155,
5f851985111dfd48d40fde07,happiness,female,8.30891590993293e-07,1.7709913898092753e-06,0.00021953840185589386,0.0005599028957535779,0.0020649561171159994,0.004079647887960205,455,455,0.008790212715017941,0.0009591844679537876,
5f425a499dd513131eaceff8,happiness,female,9.890368053795642e-06,2.3046112177880604e-05,7.004866646492652e-05,0.00019574081335997165,0.0024981906889157022,0.0072989739446294635,275,275,0.01050954347909955,0.0005892020530978365,
5fbb69f144697678c497b742,happiness,female,1.395984389265406e-06,1.7287004694994072e-06,5.39817823460487e-05,0.00018706895953058832,0.0009007428602571666,0.001951733721161959,169,169,0.0101036715900844,0.0011672772106348145,
5fbdb25544697678c497bcd8,happiness,female,1.937261970600536e-06,2.951602153907268e-06,0.0010783895636557546,0.0011706346369483218,0.002980225854913769,0.003882228795512299,338,339,0.0102548551644395,0.0001612481535101919,
5fb8748444697678c497ad44,happiness,female,3.545902955838906e-07,3.85579273681132e-07,0.0015325555194957634,0.001290036433507616,0.008375036125760427,0.00961725906585672,731,731,0.006981960544832234,0.0003713107759363984,
5f789591111dfd48d40fd629,happiness,female,4.9406284066673e-07,7.943660302396373e-07,7.513692547351811e-05,0.0002297575810661691,0.000772971064666354,0.0016127289854172147,577,577,0.006936557691138128,0.0007821063142728925,
5f9a2728d338b948c4e6b093,happiness,male,2.480277703968115e-05,3.9716134583396006e-05,0.00043999420932298286,0.0007658141122374365,0.0040571794036057245,0.007884925892648071,130,130,0.008987126602811708,0.000677600851106373,
5fba3d05576e9378b67ac887,happiness,male,7.442657326994586e-07,1.3656219208136452e-06,0.0012384080450546324,0.0010730001261746022,0.004750038760804968,0.005258995480950073,219,219,0.008334743520353216,0.001141739133886533,
5fbc7cf544697678c497b9a5,happiness,male,0.00012975306621045355,0.00013050258429794367,0.000913523853505825,0.0009054233577583543,0.013194116976425358,0.010052956686705835,119,119,0.007279045125244167,0.00034594503259199953,
5fbe28b644697678c497bfec,happiness,male,8.727546997545376e-06,9.048942154690578e-06,0.0001843134692088159,0.0002828946705988586,0.004243360324793048,0.012854044551137018,121,122,0.009884296757038507,0.00017755271879262415,
5fb9fa9dcb503578af9edfb4,happiness,female,1.625686376726463e-07,2.079473949936339e-07,0.0002643380260062848,0.0005150768609795518,0.001833962743507544,0.004354821785844537,251,251,0.012197383371824033,0.00033906088824371905,
5fb33e430fb0f33aa31ca1aa,happiness,male,6.54345338138813e-05,7.418651948682283e-05,0.000521645913557784,0.0005380124785786745,0.008001677271354136,0.007292009254477591,214,214,0.007546034062830685,0.0012565370813603452,
5f5f68852e23c7161accd208,happiness,female,5.9510103210932845e-06,9.311769334811837e-06,0.0001217229904549036,0.00038647308532905976,0.001237410212217494,0.003491148789978014,349,349,0.008792394197759415,0.0021596176863375545,
5f5b7710b878131628349855,happiness,female,1.0340697290015251e-05,1.3907658087079958e-05,7.745143046682245e-05,0.0003384114798503951,0.0005056436602842285,0.001028468328455769,487,487,0.009183178149306465,0.0012786163977751828,
5fba03bc44697678c497b296,happiness,male,3.0801748969509214e-05,5.39733241179449e-05,0.0004495870996213079,0.00031795584870362016,0.0029373791706420543,0.0022168375358962373,257,257,0.009018815358073714,0.00023255029697796415,
5f5e0e7c3bd6941613f6d264,happiness,female,1.8088209480201696e-05,3.1842434028339566e-05,3.8753334349416514e-05,5.740071154555178e-05,0.0006024056322107639,0.0011400058832968195,415,415,0.007658074896466869,0.0005321320917612485,
5f8da3979e04b149046cd69f,happiness,female,5.450636511996372e-07,5.094574406405829e-07,0.00044304733130223333,0.0008812469104817108,0.00560782461821816,0.015221730726222817,285,285,0.012993713087319465,0.00033672124820712825,
5fbcbfb644697678c497bbb4,happiness,female,4.217223749936694e-07,4.642784702934802e-07,0.00038461349221746553,0.0005749108799784035,0.0016298433914628994,0.0020678983864934443,323,323,0.009607444183404229,0.0009408867616511384,
5f64c3c3f8fac448cc0a57e1,happiness,female,9.490171012120396e-06,1.6053328324208218e-05,0.0004951883591102701,0.0009019860180768017,0.0035326687886902365,0.00692429588863036,427,427,0.007348093420758653,0.0010472035646109672,
5f846d369e04b149046cc895,happiness,female,4.681442609944825e-07,5.6509358728011e-07,8.49797526456055e-05,0.0002180627844142331,0.000952636274111282,0.002610425370162985,533,533,0.007325938599529101,0.001063866461101617,
5f6f338b111dfd48d40fd2b8,happiness,female,2.0548496033180044e-06,3.107109086811711e-06,0.00042024363852393896,0.001126664011089134,0.00229589468828316,0.006001761037700303,302,302,0.010970180978085735,0.0017932729101364652,
5f5cc49a2e23c7161accd03f,happiness,female,1.2040298013462135e-06,1.5811053700349473e-06,0.0005079045358927995,0.0010204052112207215,0.0029741220605487726,0.007441482898071818,334,334,0.00683387961306495,0.0014316912194168036,
5f5b60523bd6941613f6d07a,surprise,female,1.9005064399456513e-05,2.17109626685138e-05,0.00022854654862675402,0.0005895971075735439,0.0019291963538495044,0.004866804433713848,299,299,0.005385202509770331,0.0009213332816942753,
5f83c3a7111dfd48d40fdc51,happiness,female,5.00950686329467e-07,5.627292084990557e-07,0.00012660249711903817,0.0003196589682647983,0.0013553678875982793,0.001981104470135757,486,486,0.008308109127964133,0.001003130269063831,
5f808495f8fac448cc0a666c,happiness,female,7.350751779777192e-07,8.329302352819726e-07,0.0001161641120641944,0.00010866236953216482,0.0007152689885269517,0.000964082823863954,497,497,0.008097412696727436,0.0003014577415685582,
5f62bb8d54b2361621284c8c,surprise,female,6.75568928758395e-06,7.75974746128222e-06,0.0006893494477843153,0.0007972169988348309,0.006668942756389997,0.009599918627347678,432,432,0.009266738427708983,0.0003648562758111839,
5f98e3be111dfd48d40ff749,surprise,female,4.775353965758741e-06,3.5907504815008267e-06,0.00012710784774711185,0.00018203666852838733,0.0009517385798282272,0.0014579982544980802,211,213,0.00777642550214804,0.00036519958027825147,
5f64b5c7f8fac448cc0a57b6,surprise,female,9.496515619566037e-05,5.1853780005641605e-05,0.0005701231782906665,0.0004256305513998807,0.0025637778410932586,0.002621749616101305,569,569,0.00946393867338535,0.0008956211137843842,
5f3dca148a3c1005aa97cbb9,surprise,female,1.8264913605392446e-05,3.601382789910696e-05,0.0003993909692875696,0.0009090826652944321,0.004009922876914001,0.009003116241436444,474,474,0.010683703846105551,0.00048282455997041175,
5f70ae25111dfd48d40fd40d,surprise,female,4.87959509195267e-07,6.034548958337627e-07,4.374739706010628e-05,4.4422569649262896e-05,0.0007714769141439421,0.0009850543822689862,273,273,0.00919856593297979,0.0007102458699814058,
5fbe1524cb503578af9eecad,surprise,male,0.00011862813441559983,0.0001076066950706354,0.0005638249676404428,0.0007263191633990418,0.016254004181387678,0.03220177312094125,150,150,0.008185079904993918,0.00023554166481797804,
5f5b7bbb2e23c7161acccf5d,surprise,female,2.053400636117466e-05,3.069001552231111e-05,0.000390240950367562,0.0007698164167321132,0.0027256906643582657,0.005158970482073667,368,368,0.009533280442772584,0.0007190760865250828,
5fba3b85cb503578af9ee18e,surprise,female,9.925696310541902e-06,1.5777141930902772e-05,0.0005948942199888607,0.0011530903774391167,0.004248110697914843,0.005101595607621434,441,441,0.011413526830393128,0.0010742615542994973,
5f5e1ad454b2361621284906,surprise,female,2.546590683509551e-06,4.255992555184783e-06,0.00044747216290974226,0.0008882983535734149,0.003126831852683236,0.007212298523670087,574,574,0.0135311270924147,0.0005377347585305302,
5f5d7539b87813162834999c,surprise,female,1.0761259999227323e-05,1.4553309605345374e-05,0.000244515221628121,0.0006150054408529591,0.0014877220933920852,0.003460688571804509,963,963,0.009256212402344675,0.0010554082457403004,
5fbca6334c55eb78bd7ce975,surprise,female,5.585609571828057e-06,7.594053573556534e-06,3.9043667086615526e-05,5.4301990560257484e-05,0.0007416028554585321,0.002291481064161203,137,137,0.008754428178792512,0.00021456764110272395,
5f6309da54b2361621284d10,surprise,female,5.83925119462344e-07,5.608544990766938e-07,0.00023119262609561203,0.0005180127750137136,0.0022842366091349315,0.005528274687301743,600,600,0.006485178082250889,0.0007178138930249259,
5fbcd83644697678c497bc50,surprise,female,3.07083679283501e-06,4.747799736534453e-06,0.00040518196499551916,0.00087156322291256,0.0014481233481197387,0.0036317193116016974,616,618,0.012325235919654195,0.0003913510894508678,
5f6b419a111dfd48d40fcfba,surprise,female,4.837608900814189e-06,4.815583690652582e-06,0.0007047350763224368,0.0012254976110047634,0.004258736933277734,0.0072963442338650365,300,300,0.008837163795078467,0.00035395860551448044,
5f98e452111dfd48d40ff74a,surprise,female,4.634114416971252e-06,4.115816475534277e-06,0.00010511878108933102,7.664699174069385e-05,0.0009719088653672592,0.0010866207264889694,189,189,0.010062375051106284,0.000981208373522639,
5fbb167c4c55eb78bd7ce384,surprise,female,6.23736832301405e-07,7.44820528921389e-07,0.0001595512456620519,0.0003026955370616416,0.001203629422310041,0.0014436577514087014,382,382,0.008327752241137762,0.0005279013270495215,
5fb9c669cb503578af9ede94,surprise,male,5.0685537125050966e-05,5.5934597919444144e-05,0.0004918788988667317,0.0005892525439709501,0.008589206299825144,0.01042427860664817,519,519,0.009014017935011762,0.0003016171173840905,
5f630695b878131628349e8f,surprise,female,2.763420644376811e-07,3.600672609948457e-07,0.0002610390291535939,0.0006583191595927402,0.0022233947667846515,0.005462571111732908,382,382,0.01766369489810346,0.0008401370116021183,
5fbcc1484c55eb78bd7cea07,surprise,male,2.952451120890792e-06,3.6590421096407976e-06,0.0007783459628966863,0.001018694240577258,0.006031424305789905,0.008996403990245224,284,284,0.010616304773004487,0.00032575753165873595,
5f63e1c53bd6941613f6d794,surprise,female,4.2284489726783936e-07,6.446577918101677e-07,5.508445679637794e-05,6.852646194792865e-05,0.0006786140443980217,0.0011033325192685414,414,414,0.008271406808399934,0.0005471647947763242,
5f6ad370d338b948c4e685e4,surprise,female,6.9087767458811545e-06,1.0671490952881788e-05,0.00012154173912266082,0.0004715347482599553,0.0004924600970076927,0.0014185693308785882,285,285,0.00618922028225392,0.0015939053722439376,
5f5e1b282e23c7161accd116,surprise,female,5.257589902034652e-06,1.33292355870049e-05,0.0004626478847244677,0.0009724329171796124,0.004753245740482083,0.01052865901346571,338,338,0.01059686259758999,0.0015524861560187516,
5f98a721111dfd48d40ff6e6,surprise,female,8.523856293014906e-07,1.2743231630169376e-06,0.00014680555051755796,0.0003759566768418677,0.001417888808751223,0.0029537142614963928,453,453,0.007570929469279639,0.0007963110089598416,
5f693febd338b948c4e6840f,surprise,female,1.4694270747106126e-06,1.0590878443786802e-06,0.00013867259382680886,9.81978417324246e-05,0.0011012877967443036,0.0031420983527061866,307,307,0.00975734155599513,0.001489479358778025,
5fbca5e8576e9378b67acf78,surprise,female,9.819599652423276e-06,1.257988416777039e-05,4.634249989780556e-05,4.2288325650912695e-05,0.0005337643068407974,0.001073125202532977,193,193,0.014174724936573487,0.00017619379620735433,
5fbb4ee344697678c497b63d,surprise,male,2.5516647499102195e-06,4.292188497910424e-06,0.00016066795000868898,0.00012300412190357585,0.0016946062504471827,0.0020612538468971152,598,598,0.0064720104895374065,0.0003486754345617603,
5fb33c7675b0a9389bf3967f,surprise,female,3.3229075788030584e-07,5.124077814242669e-07,0.00028854449900261116,0.0008671109964240759,0.001519629301755017,0.003560063212142576,435,435,0.008966435816015254,0.0005449957242922633,
5f917688111dfd48d40ff095,surprise,female,6.362225471357444e-06,1.3202948246762815e-05,2.2083111386510084e-05,2.7181805594692594e-05,0.00032320881047074164,0.0005702154389212371,260,260,0.011280267335841634,0.0017776301749212564,
5f6a10b29e04b149046cb9e7,surprise,female,4.239483709913966e-07,5.222697160412219e-07,5.369358318920172e-05,6.753677293533603e-05,0.0005660245667145624,0.0007799176871857985,319,319,0.011878717706005428,0.0010326766362869074,
5f808a66d338b948c4e68f17,surprise,female,5.091563773473822e-07,7.211342452675756e-07,9.745551085206606e-05,0.00016622462739505298,0.001982068107896736,0.008125992590498553,405,405,0.014480171187563817,0.0007512089480226724,
5f607e173bd6941613f6d445,surprise,female,3.548743617642028e-07,5.810016652567396e-07,7.001581825731871e-05,0.0001976004163409742,0.000616592374477773,0.001523516736893223,453,453,0.008071702158364643,0.0008847783746085235,
5fbc9dbccb503578af9ee7f1,surprise,female,6.799788704147937e-06,1.425402636729061e-05,0.00035851198859731815,0.0007765635396476305,0.005114643137419917,0.012243807247504481,228,228,0.01644702012626656,0.0006448885037256329,
5f62ce452e23c7161accd50d,surprise,female,6.740008516015712e-06,8.263342432838565e-06,0.00019908857726268466,0.000647164695796144,0.0012470685621994426,0.0038980010733073757,357,357,0.011043577671976109,0.0002806148476148119,
5f83081bf8fac448cc0a69af,surprise,female,1.070220035361083e-06,1.4437873650655168e-06,0.00020466260235124214,0.00039962425893607046,0.002750674897375983,0.00796556132185758,485,485,0.011556079257103667,0.0007680408369592025,
5f708d0fd338b948c4e68a53,surprise,female,7.831346332888475e-06,1.6796923112382168e-05,0.0006601753120332537,0.001055988093284879,0.005113991897427816,0.008844871585484422,389,389,0.01171001286801084,0.0006707296114585915,
5fbb2ee3cb503578af9ee2ec,surprise,male,7.642576151483103e-06,1.2630205581580108e-05,0.0008467534848287354,0.0010174672608425927,0.00608460086679778,0.00671161992977799,318,318,0.008564194057627206,0.0005938083039005664,
5f69e787d338b948c4e684c9,surprise,female,8.222481749827047e-06,9.176452307672217e-06,0.00015796065234291814,0.0006040833995483842,0.0018112459792246117,0.006213897320733803,222,222,0.011980749746782754,0.0006008770778902151,
5f681f879e04b149046cb7ef,surprise,female,7.392566252204288e-07,9.241294728271147e-07,0.00019083491039724148,0.0003714776915997703,0.0019439778046358549,0.0029018086138339555,483,483,0.007422675598732756,0.0011751305681331446,
5f6afd189e04b149046cbae0,surprise,female,8.981729003074602e-07,8.702981556207894e-07,0.0005971701629566232,0.0009809832717451838,0.006589244392934007,0.013617831687705091,527,527,0.009278379483591285,0.00040522534072559156,
