coh_adjacent_mean,coh_all_pairs_mean,coh_all_pairs_std,coh_distant_mean,coh_low_vs_high,error,situation,wav_id
0.6227415531993895,0.4026832698344758,0.25876426175929446,0.2559777475912,0.09050700993649496,,angry,5f787514d338b948c4e68c98
0.5009623233386999,0.48488414900536714,0.13865837480231227,0.4741653661164786,0.7249830475895189,,angry,5e37da38c8c25f16cd1457bb
0.6586824329876595,0.5804722683666551,0.10797863610580137,0.5283321586193187,0.5699876858484705,,angry,5e340d7a5807b852d9e06327
0.5068177941941355,0.407875628770789,0.24026113910378327,0.3419141851552247,0.21283178606624825,,angry,5f9933c89e04b149046ce2b8
0.710854746128318,0.6389400513545043,0.10291974189427089,0.5909969215052951,0.6028896321300468,,angry,5e38437133e9ad176cc9b765
0.4413377833684343,0.35633586390808175,0.14591550103205048,0.29966791760118006,0.40096323618174634,,angry,5f62c6603bd6941613f6d652
0.35110256567461406,0.2438033753909517,0.14993294829606546,0.17227058186851008,0.2833962519827164,,angry,5e49d4617bef803b4851dd80
0.4850030790769081,0.3987897462560044,0.1490124999577378,0.34131419104206867,0.49343375733395695,,angry,5e3939c8ee8206179943d374
0.5181816699490833,0.29573772134030435,0.21770294858774564,0.14744175560111836,0.1291410299889872,,angry,5e33aa755807b852d9e0510d
0.42007436371728674,0.39153868914226025,0.14975510946498116,0.3725149060922426,0.4228002003122917,,angry,5f886f09d338b948c4e69afe
0.6714007310874954,0.5185938955711502,0.20820278430965267,0.41672267189358664,0.46852476427717915,,angry,5fbb34ba44697678c497b5a1
0.7503812456164373,0.6422136525912492,0.16272662737034188,0.5701019239077905,0.6277743498388071,,angry,5fb9c89d4c55eb78bd7cdfda
0.4871054408438667,0.42843981580670104,0.13868322590733603,0.3893293991152574,0.4281264778135634,,angry,5f8c2b2dd338b948c4e69f68
0.39357469999859057,0.37140241338404684,0.2491288767264352,0.356620888974351,0.48350426406869607,,angry,5e36cf777995ef170fc0ecdb
0.6778098858657693,0.5756137956645369,0.1473559410763439,0.507483068863715,0.48044379276596016,,angry,5e350b015807b852d9e07421
0.777744709794181,0.645087184258485,0.16812904801837592,0.5566488339013543,0.5332779031339815,,angry,5e40fb219306c7039ddcc959
0.3788709656696167,0.3178875123380577,0.14097228106153672,0.27723187678368505,0.30384073080290025,,angry,5f886972f8fac448cc0a7200
0.5692382470144047,0.3897514366669941,0.20281588625847238,0.2700935631020537,0.30910249116744537,,angry,5fb33fff0fb0f33aa31ca1b7
0.4960082223176373,0.4098238540510278,0.13091778550801542,0.35236760853995475,0.47930125725896244,,angry,5e37fa06c8c25f16cd1459c5
0.6889980375905204,0.47909718079486197,0.2048063901588523,0.33916327626442305,0.3331694267170477,,angry,5e396ebf33e9ad176cc9bc11
0.7023633208824812,0.47320307606591594,0.23375518051031263,0.32042957952153905,0.2642940639505739,,angry,5e3638b7bacf60088a5adbe7
0.647914368785241,0.5014181792952905,0.17185039855033152,0.40375405296865674,0.4800082394563679,,angry,5e411a8748600202f726fb49
0.5662303057099666,0.49066771211579707,0.11375983914364128,0.4402926497196841,0.565835669093959,,angry,5e4156089306c7039ddcca7f
0.6833468541100263,0.5989232644014864,0.144356309279148,0.5426408712624596,0.535153643460772,,angry,5e4603262a2d173b73a02a5b
0.5966178900778326,0.4361901521703782,0.1640778948835077,0.32923832689874183,0.414381097946924,,angry,5e415417189842034d9f72af
0.40821401249856354,0.34172013766020826,0.17323185681537973,0.2973908877679714,0.4779612214594892,,angry,5f812169d338b948c4e68fa6
0.6286326022315629,0.5393816903339264,0.13251832761781027,0.4798810824021688,0.5110255306892478,,angry,5e395fc2ee8206179943d42d
0.40784796113043364,0.25509145851556225,0.18319121223904913,0.15325379010564796,0.19507777043793645,,angry,5fb383af75b0a9389bf39766
0.7376942910911141,0.6783792688263715,0.14713760811432458,0.6388359206498764,0.6236837583828939,,angry,5e3629138661d6073410fa76
0.40851935363836533,0.23952722127952608,0.18625264250829748,0.12686579970696657,0.12045799495878431,,angry,5e495785963e443aee02b53a
0.7373499440551827,0.5098144699123347,0.2200747969664083,0.35812415381710255,0.4204730326136288,,angry,5fbb6e50576e9378b67acbb4
0.5457711994330383,0.3405413085194521,0.2203657390109866,0.203721381243728,0.21973694310857675,,angry,5e317c1c5807b852d9e0341a
0.3208609062643907,0.2675892485711547,0.13727642141076454,0.23207481010899733,0.19020653186712197,,angry,5e49400ec38c123b9ec6dab2
0.39648075087148027,0.2951374972511659,0.18633344120764192,0.2275753281709562,0.24210314497175134,,angry,5f633e9c2e23c7161accd578
0.73602535073963,0.5947431970103682,0.16960553998266933,0.5005550945241937,0.4845640463319495,,angry,5e37e8c3ee8206179943cbc3
0.6550412364388905,0.5160037845400257,0.14772936096201114,0.4233121499407826,0.44056826368340474,,angry,5e39641fc8c25f16cd14611e
0.651222009322625,0.4526361945938729,0.18214452843078038,0.3202456514413714,0.37665796118559985,,angry,5f6afde1111dfd48d40fcf96
0.515571926651359,0.44154759938478944,0.13424586520663426,0.39219804787374307,0.4462447048447819,,angry,5fbe0d164c55eb78bd7ced34
0.6856268851342353,0.46449372972763675,0.2064944990879463,0.31707162612323764,0.2874951863032919,,angry,5e29b3a75807b852d9e01cae
0.7282592695733868,0.5566443183734908,0.2261015769302653,0.44223435090689356,0.4121971574901048,,angry,5e4811be963e443aee02b275
0.7100767978475347,0.5963425268399025,0.13705410419436706,0.5205196795014811,0.5831724746166919,,angry,5e453f50c38c123b9ec6d46f
0.8729581392966148,0.8240488390381385,0.05931350499530608,0.791442638865821,0.8343391652199809,,angry,5e3cb2057995ef170fc0fe95
0.6443034637243717,0.42454685800357306,0.2137547570634932,0.2780424541897073,0.3022958502316973,,angry,5e32eb8a5807b852d9e04497
0.40820304739040275,0.28314868121885517,0.16042424619159787,0.19977910377115674,0.359868830508585,,angry,5f6ac2c6111dfd48d40fcf55
0.05261037486322713,0.055806873043299246,0.21490274317345376,0.057937871830014025,0.14696015298831613,,angry,5f63825b2e23c7161accd5ee
0.5465064983586557,0.4229713425276513,0.13297688308436087,0.34061457197364836,0.3949418443892417,,angry,5f6a39b3f8fac448cc0a5d0b
0.6465858565422272,0.5847313977378105,0.11193237871402476,0.5434950918681993,0.6989988640273475,,angry,5f85c3d5d338b948c4e69658
0.5337695882691426,0.4395426651973149,0.1543032276115729,0.376724716482763,0.43919858686496305,,angry,5e514bf87bef803b4851de40
0.6923982129405442,0.5586753492788393,0.1376917446848873,0.4695267735043695,0.5160092302219006,,angry,5e40d17d189842034d9f7091
0.6937895166299549,0.5515893878518892,0.24005362526113178,0.4567893019998454,0.4502910948813375,,angry,5e4107019329cb02ef38a5e2
0.7356522823331011,0.5933694053350107,0.1637967077190367,0.4985141540029505,0.4473294168318614,,angry,5e3952c17995ef170fc0fce6
0.7206839103584499,0.6071540689448842,0.20501525346904073,0.531467508002507,0.4429985359468609,,angry,5e424c090b3f160367c2090f
0.471619381428385,0.34195142380165605,0.2087226399001638,0.2555061187171701,0.3375689244100922,,angry,5e2fe6315807b852d9e02be9
0.5248868684445192,0.3597603077169462,0.17354225639970944,0.2496759338985642,0.31898609970244773,,angry,5f5c1d462e23c7161acccfac
0.580106738436933,0.40966685113273016,0.20596498970437307,0.2960402595965949,0.31181241090807427,,angry,5f90cd7e111dfd48d40ff00a
0.576823168730786,0.4160314030410096,0.20460891457770808,0.3088368925811587,0.37521647787017987,,angry,5fba1e9b4c55eb78bd7ce1f0
0.40986835928093146,0.2770142096311335,0.2966545409701308,0.18844477653126812,0.25213124562847705,,angry,5e379ddf33e9ad176cc9af6d
0.6319321120449171,0.4590419281804051,0.2055181053902157,0.34378180560406396,0.29913249239509043,,angry,5f707f9b111dfd48d40fd3ad
0.5093492149580766,0.403528091797667,0.2923935517079696,0.33298067635739403,0.34712388675531364,,angry,5fba3e0344697678c497b442
0.4955524550774924,0.34087268167003193,0.22411347556142192,0.23775283273172498,0.15122036183861276,,angry,5e453b8e8849ac3aacea4e56
0.6580277585615344,0.4788191091909799,0.18334027482082169,0.35934667627727696,0.37362884653689044,,angry,5e40b8d79329cb02ef38a455
0.5452371432322893,0.39189962946790213,0.1397223960537553,0.28967462029164404,0.3472491715632876,,angry,5e363fe98661d6073410fe64
0.7824772634742561,0.5302174966235406,0.23564777594819827,0.3620443187230636,0.3450537177549599,,angry,5e47cc637bef803b4851d8fe
0.5893984016686893,0.48524787036076644,0.1819884254375537,0.41581418282215105,0.5908742425838643,,angry,5fbca26acb503578af9ee82c
0.4369994569983561,0.34974439051596623,0.1431887733083297,0.2915743461943729,0.4043745220065796,,angry,5e4217759306c7039ddccb4f
0.7529520630431917,0.6475840533355093,0.1656003564584769,0.5773387135303879,0.6740253592144655,,angry,5e34d1085807b852d9e068d7
0.5967291099122038,0.464494474750511,0.1888061825168881,0.3763380513093825,0.4259800906718118,,angry,5e529a0ef2fe7a3b1d5450d5
0.6210148064423053,0.4129787785186906,0.18684613173284204,0.2742880932362808,0.2990009384302196,,angry,5e42bf8b48600202f726ff6a
0.6766309471381533,0.5323980501706489,0.15223306561982122,0.4362427855256459,0.5146319920946246,,angry,5e3664c205fef317e874b506
0.5717537752485766,0.43275111488372753,0.19711011073607304,0.34008267464049474,0.47711075464229097,,angry,5e5330268849ac3aacea570c
0.44003629702566427,0.3868270556999414,0.16105397801638147,0.3513542281494595,0.4950855295282798,,angry,5f66c741d338b948c4e681e0
0.8573688209905698,0.7699365746262427,0.09962100552528515,0.7116484103833579,0.707058993264071,,angry,5e377a76ee8206179943c571
0.7800619789736026,0.6655902430973145,0.14672856925037145,0.5892757525131224,0.6167334851987765,,angry,5fbca75e576e9378b67acf8e
0.6638051754518538,0.5384092018893828,0.1624302854668957,0.45481188618106877,0.387480840014128,,angry,5e33cfd35807b852d9e058ce
0.43426868890909076,0.3776996551064848,0.14971695173830407,0.3399869659047476,0.46976625377877024,,angry,5fb9c71844697678c497b108
0.672914246093868,0.5697171112949895,0.13924411327309316,0.5009190214290703,0.5236492191716685,,angry,5e41317c0b3f160367c2075c
0.6935726427246702,0.6078831450067403,0.12767704994444815,0.5507568131947871,0.6457611047726168,,angry,5e42ad789306c7039ddccd21
0.493658012019958,0.2705680360714558,0.2300346036538742,0.121841385439121,0.11491458779394524,,angry,5fbdc3e744697678c497bdad
0.5541347654884696,0.43988184331738467,0.16212232291881432,0.3637132285366613,0.4585259036236617,,angry,5e53017af2fe7a3b1d5450e6
0.7948455852792911,0.6301696502511114,0.15120670070567332,0.5203856935656584,0.5199647437655709,,angry,5e338c055807b852d9e04e58
0.3872206467946861,0.27388975981178226,0.1328223968283627,0.198335835156513,0.19130255551411365,,angry,5fbc69cb4c55eb78bd7ce7a4
0.5724028592176584,0.49770406851820165,0.12551373298517193,0.44790487471856405,0.44949497576579056,,angry,5f6bd58cf8fac448cc0a5e57
0.5644672990891332,0.3856791119876498,0.19881582260572878,0.2664869872533276,0.29312512415373565,,angry,5e42679f0b3f160367c20960
0.5660910297547512,0.5049479703703642,0.1133150449025151,0.46418593078077275,0.48273764077565906,,angry,5e3551ed5807b852d9e07fbd
0.6448564042284417,0.5147699025809092,0.1355521540280725,0.42804556814922096,0.46754216299093426,,angry,5e338cb95807b852d9e04e75
0.6030433703712184,0.5196803593567159,0.13140553605041658,0.46410501868038095,0.4894546177304297,,angry,5e43f4be48600202f72701b5
0.5985622116042187,0.4820745588277928,0.1418134411247428,0.4044161236435089,0.4923374336859723,,angry,5e46025b963e443aee02b06e
0.6019746410216212,0.4634362619733328,0.15255822957583667,0.3710773426078071,0.42577401043022023,,angry,5e45707f8849ac3aacea4efd
0.45100389393127166,0.33934823750530946,0.1492067737541471,0.2649111332213347,0.27952599178319903,,angry,5fb48bedcb503578af9ed7f7
0.6497191528065761,0.5506615800782017,0.13041254836452001,0.4846231982592853,0.5451316217616219,,angry,5e38b6dc05fef317e874c638
0.5974359788104244,0.5075383728832543,0.11679846177036905,0.4476066355984741,0.519650919177765,,angry,5e381601ee8206179943ce6c
0.6288315167883093,0.4795776087300279,0.15102709938254097,0.38007500335784034,0.39699409824543,,angry,5e48d1d3963e443aee02b3d9
0.8281176401551108,0.759737609626337,0.0822311630352346,0.7141509226071543,0.7819996465669844,,angry,5e315c9e5807b852d9e03261
0.46920777690088855,0.39438849779298124,0.28753166648452766,0.3445089783877098,0.3707175339876768,,angry,5e379dfa05fef317e874bd6f
0.7225164885520792,0.6317559540424098,0.13563159102256356,0.5712489310359637,0.6003344834031293,,angry,5e3381c65807b852d9e04cc6
0.34855646733080276,0.29928004064524705,0.17557467836731333,0.2664290895215433,0.2643377896218478,,angry,5e368d3b05fef317e874b66a
0.6179267099630485,0.44247363762586744,0.2528089690122844,0.3255049227344134,0.2046628914917369,,angry,5f7919ebd338b948c4e68cf6
0.6196643853140724,0.45416671836790534,0.1581653481941691,0.3438349404037941,0.431128898476813,,angry,5e443b14189842034d9f790f
0.06379953510098509,0.02169862933140857,0.12267988364026491,-0.006368641181642445,-0.12246809624405086,,angry,5f6b6fbcf8fac448cc0a5e2f
0.5320434111740986,0.48600467507350525,0.18789806496310646,0.45531218433977644,0.7285268476941531,,sadness,5e36c3b233e9ad176cc9aaea
0.43778112170571715,0.39320412224213247,0.11683343577971562,0.3634861225997427,0.45102515198661597,,sadness,5e380ff5c8c25f16cd145a7d
0.7397218023567186,0.6828039966388824,0.1424057853963446,0.6448587928269914,0.7663286442534816,,sadness,5e383be7dbc4b7182a6aa273
0.5368276466114599,0.4378860065235516,0.13674237959651175,0.37192491313161274,0.38232104260523797,,angry,5f40b6ea9dd513131eaced3c
0.7441514210974683,0.7055580100992987,0.07273087125296981,0.6798290694338524,0.7871180322919924,,sadness,5e300e4a5807b852d9e02d55
0.7152698862115704,0.5344706862153938,0.1775275384157817,0.41393788621794264,0.4110616373529227,,sadness,5f6382d42e23c7161accd5f2
0.6914628871256067,0.5490786105467865,0.14886955388256817,0.45415575949423975,0.44748362822012233,,sadness,5e38de4fee8206179943d19d
0.4644231828908634,0.3964575879974631,0.2084162126860397,0.3511471914018629,0.48789303068270135,,sadness,5fba373744697678c497b3d2
0.6430657832466724,0.47342233998028665,0.1585495147307948,0.3603267111360296,0.3858049722084469,,sadness,5fb8c46a44697678c497af28
0.5673082942323655,0.4532950984802738,0.2298978467560796,0.3772863013122125,0.3776712887849573,,sadness,5f8d70e19e04b149046cd636
0.5684926529351537,0.46010189994023704,0.1626632541468291,0.38784139794362593,0.3728830310158655,,sadness,5e43700f48600202f7270095
0.7757604492593558,0.758735054028506,0.06096200073584604,0.7473847905412728,0.812327503752961,,sadness,5e367b9933e9ad176cc9a803
0.6815564924721413,0.5274380098550818,0.25399605659947344,0.4246923547770422,0.36192450912160035,,sadness,5e3503b45807b852d9e07269
0.5719922674317904,0.4266239462601022,0.17130196050641905,0.32971173214564337,0.35479855926153403,,sadness,5fbe094acb503578af9eec2e
0.6902002608487219,0.6231275631297932,0.11781995499465094,0.5784124313171742,0.6832807711832011,,sadness,5e2ebbe35807b852d9e0280f
0.5610155642251665,0.41800932486108905,0.19225362828751769,0.32267183195170407,0.24853509212415228,,sadness,5f871b27f8fac448cc0a6fe0
0.597375820250577,0.5145784562967939,0.18126869222015715,0.4593802136609384,0.5873630634574825,,sadness,5f6ea712111dfd48d40fd26c
0.6709495323971084,0.5577316420014232,0.24307088696397577,0.4822530484042997,0.555015004880343,,sadness,5fb8e53644697678c497b013
0.5050159445867852,0.38699541400589454,0.11190487251573862,0.30831506028530065,0.36935668300963903,,sadness,5e42a2ed48600202f726fe94
0.738773736994017,0.6052462626158952,0.15766039395273634,0.5162279463638139,0.4540667832097321,,sadness,5e4860af963e443aee02b325
0.4399447637682184,0.4256651505023571,0.0934870786394842,0.4161454083251163,0.494337913012814,,sadness,5e3413015807b852d9e063b9
0.09125961709893549,0.047106994675950975,0.2687017834123784,0.017671913060627948,0.021275546911851042,,sadness,5f793a6dd338b948c4e68d2d
0.5998826192145101,0.4957868688786089,0.18109030648086452,0.42638970198800824,0.5841575851225952,,sadness,5e37eb2cdbc4b7182a6a9ed6
0.7232884501390948,0.671533375122772,0.15703455890463872,0.6370299917785568,0.5969385654681121,,sadness,5e42b8102b6c8802f2d85d72
0.8636585693843071,0.7986152301756858,0.10339710437545942,0.7552530040366051,0.8486517590885795,,sadness,5e3817f633e9ad176cc9b61d
0.63078292490108,0.4582587868505989,0.18612995638568647,0.3432426948169447,0.3001210367093408,,sadness,5e36a619c8c25f16cd144f61
0.7101748414133073,0.5600778368615773,0.1702369243965394,0.4600131671604242,0.40610682511010615,,sadness,5e36a57adbc4b7182a6a956d
0.5756549447875153,0.4223786920245575,0.28038994194626066,0.32019452351591904,0.2622448387134,,sadness,5f8ed5bcd338b948c4e6a45b
0.8505462462965312,0.7231697857586689,0.1298798256352131,0.6382521454000938,0.6870903773910066,,sadness,5fb8cf014c55eb78bd7cde64
0.4091513617965074,0.34171313554654664,0.1545272412865156,0.29675431804657265,0.40460501114206976,,sadness,5f8123f39e04b149046cc41c
0.6363687647917418,0.47115002108243625,0.19534537007362487,0.3610041919428993,0.3473818030458786,,sadness,5e4647118849ac3aacea5033
0.7497223912204408,0.5971034511834483,0.14243285667394046,0.4953574911587866,0.5822958406379348,,sadness,5e331d445807b852d9e0494f
0.6269625781805471,0.5289913251828463,0.13695447047790324,0.46367715651771263,0.6179698615034587,,sadness,5e3391985807b852d9e04f05
0.8283890180226225,0.78045028381769,0.09203852315508379,0.7484911276810683,0.7657735632857019,,sadness,5e392f7c33e9ad176cc9ba92
0.6501754606909351,0.44214706659086067,0.20569692520839447,0.3034614705241445,0.34532636715918447,,sadness,5e3506b55807b852d9e07310
0.3518193781154166,0.330310109358563,0.13116957638440488,0.3159705968539939,0.42276319695821607,,sadness,5e37ddcd33e9ad176cc9b2f3
0.8260521777119492,0.7832356473382569,0.058927721618450814,0.7546912937557954,0.8353058668495337,,sadness,5e32c3a75807b852d9e03ec6
0.4484118094988383,0.32677087968259394,0.14949542871995156,0.24567692647176428,0.25908288875395585,,sadness,5e45328d963e443aee02aec3
0.6389568816429592,0.5734519178970331,0.09003099148176719,0.5297819420664157,0.6268042305349014,,sadness,5e35773b5807b852d9e08444
0.66308676272474,0.5576993174593898,0.11743853127720276,0.48744102061582306,0.5263656783974426,,sadness,5e2876b55807b852d9e0171c
0.5824288604674652,0.42387376483980493,0.2010327390938417,0.31817036775469804,0.2969481001661264,,sadness,5f5cc8423bd6941613f6d18b
0.48504543237225584,0.37202077884906865,0.23486737024065174,0.2966710098336105,0.4386205961053229,,sadness,5f97fe6bd338b948c4e6acad
0.6978343431105807,0.4966804097268659,0.21013552518660072,0.36257778747105607,0.47678515958816897,,sadness,5fba1a4344697678c497b30c
0.6746010337676882,0.5227227628939711,0.21061622104656966,0.4214705823114932,0.4532194472688753,,sadness,5e33adb65807b852d9e05195
0.5219971111758157,0.3673985246979214,0.20895569969998418,0.26433280037932516,0.23330031531840456,,sadness,5f8275c3f8fac448cc0a692a
0.7222878536092,0.5217114028638404,0.21981220166558632,0.3879937690336008,0.37115494502823815,,sadness,5e369dd0dbc4b7182a6a94d8
0.6774244313365104,0.60185951628587,0.18673885091814374,0.5514829062521096,0.5768410892510346,,sadness,5e37b0d9c8c25f16cd14557f
0.6339443379815222,0.5387489191886514,0.13798286342056512,0.4752853066600709,0.5801803781189235,,sadness,5e395a7edbc4b7182a6aa686
0.6807793160832761,0.5974214140683414,0.10480463953714386,0.5418494793917182,0.6214746961993105,,sadness,5fb88ae544697678c497ade5
0.42561223541396875,0.32379528813106917,0.16132830019346214,0.2559173232758028,0.25643156357139557,,sadness,5e42abb19329cb02ef38a986
0.8414034662994719,0.7880526422316976,0.104414637108949,0.7524854261865146,0.8590772546020847,,sadness,5fb8c20dcb503578af9edca4
0.5068429319433438,0.3947917953075474,0.19909576445090937,0.3200910375503497,0.45876616922110414,,sadness,5f685a2cf8fac448cc0a5b1a
0.7006992983075079,0.5965831324652224,0.16748478000966513,0.5271723552370321,0.5016430902952875,,sadness,5fbc80b244697678c497b9ca
0.5453926265333316,0.486643773506579,0.13877424091693363,0.4474778714887438,0.48065593585417454,,sadness,5e42be079329cb02ef38aa34
0.7517651844084646,0.6325721399733187,0.18517926291515413,0.5531101103498882,0.6768167740284481,,sadness,5f917eadf8fac448cc0a7e8a
0.5087030745461498,0.38113535670679044,0.1936482533673393,0.29609021148055076,0.24320795005415094,,sadness,5e3d028605fef317e874cc32
0.5288543041837965,0.38646327708192946,0.210611059282224,0.29153592568068465,0.2705781582532849,,sadness,5e362d188661d6073410fb1d
0.5749038878142311,0.44705490393508285,0.24844368264644187,0.3618222480156507,0.4268898008139259,,sadness,5f9931a99e04b149046ce2b3
0.8793348398064619,0.7527849028136016,0.14325998029524256,0.6684182781516946,0.629158852558712,,sadness,5fbe09b644697678c497befd
0.7229879981761753,0.6038129496468949,0.16287239908708614,0.524362917294041,0.5080628591247757,,sadness,5e37d2d0ee8206179943ca7b
0.5109133549734396,0.39692448916798534,0.2205566994764566,0.32093191196434917,0.31210099861450036,,sadness,5f87c5bb111dfd48d40fe309
0.811537896189976,0.6603260462617694,0.16560214687955474,0.5595181463096318,0.49574462010382137,,sadness,5e423dea189842034d9f73e8
0.6913643515926442,0.5400791486813713,0.15311799416519495,0.4392223467405226,0.5039606488259395,,sadness,5e451f1c8849ac3aacea4de9
0.45729506978465834,0.3659491693514435,0.16658560655500057,0.305051902395967,0.2629174771547577,,sadness,5e36b04dc8c25f16cd144f83
0.6840873032635915,0.5605445448184577,0.12582616783330067,0.47818270585503514,0.5949740053055677,,sadness,5e42cb799306c7039ddccdf1
0.6648580155093522,0.6079296695402853,0.13335270738594143,0.5699774388942406,0.6681484942505137,,sadness,5e4113732b6c8802f2d85972
0.7464101682407448,0.6860352518228153,0.13652968021607598,0.6457853075441956,0.7535774934255458,,sadness,5e44cc40f2fe7a3b1d544673
0.8544299308177377,0.7797329692057665,0.08725912579839035,0.7299349947977856,0.7300224957721775,,sadness,5fb8e110cb503578af9edd77
0.45153866929437897,0.486893446385416,0.15060185576968382,0.5104632977794407,0.47294100876586287,,sadness,5e4205f60b3f160367c2088f
0.5835808396796358,0.3465194654689848,0.22047482817160916,0.18847854932855088,0.1710448157384222,,sadness,5e3d32ce7995ef170fc0ff97
0.7298048590381646,0.5985105688134517,0.234866761489209,0.5109810419969764,0.43168566903825456,,sadness,5e48e0642a2d173b73a02e34
0.7290298690222327,0.6010219486316848,0.14885617843864074,0.515683335037986,0.5763282099943706,,sadness,5e35c90cbacf60088a5ad840
0.5798014233689804,0.48071491673967126,0.16456490912293786,0.4146572456534652,0.5019314167005012,,sadness,5f8c499a111dfd48d40fe91b
0.34362967919536863,0.3157768875048375,0.1833031403742732,0.2972083597111501,0.3052032860309003,,sadness,5f901d2df8fac448cc0a7d82
0.7487175295950055,0.6273290937771541,0.15443400016242556,0.5464034698985863,0.5150396248022283,,sadness,5e37cb4233e9ad176cc9b1bc
0.46736654124448856,0.319906582476588,0.2461350567285429,0.22159994329798752,0.2194439726782369,,sadness,5e38b590ee8206179943d09e
0.35551914634779497,0.29255779765579293,0.2532482458514408,0.2505835651944583,0.10785502653457836,,sadness,5e395b0cc8c25f16cd1460d9
0.6999356461045273,0.594255738123429,0.13993585135481804,0.5238024661360302,0.613514921564854,,sadness,5e36705f7995ef170fc0e8e7
0.47005971246036615,0.33590357038206553,0.18653239629762705,0.2464661423298652,0.18537769537423493,,sadness,5e426bb8189842034d9f748f
0.6668218080757629,0.4805360237665538,0.20864397249565161,0.3563455008937478,0.30606011080889295,,sadness,5fba1ea244697678c497b336
0.5855553854088967,0.407927740584013,0.17609825897883688,0.2895093107007571,0.2642789222775308,,sadness,5f3ff64c9dd513131eacea46
0.7134729476588922,0.5195723222261437,0.22278210287593572,0.3903052386043114,0.4049805533386913,,sadness,5e46474df2fe7a3b1d544a35
0.33373830707100927,0.24823144578520032,0.18737352520546033,0.1912268715946611,-0.0036128434081746366,,sadness,5e33f36a5807b852d9e06166
0.7336550760268208,0.7051506274772121,0.0820444056459842,0.686147661777473,0.716671836748279,,sadness,5fb8e15744697678c497afed
0.48220204425636204,0.3409618496538414,0.17869172203882241,0.24680171991882763,0.2350283738799385,,sadness,5f98030bd338b948c4e6acca
0.773718340801747,0.7290450437257717,0.126149351825124,0.6992628456751214,0.7806244340731177,,sadness,5e27fa1c5807b852d9e01586
0.7376915102898897,0.672693092333408,0.1005298549430612,0.6293608136957536,0.7085612058916635,,sadness,5e494e1cc38c123b9ec6db03
0.9236805721340008,0.8513894339246066,0.07947834273300856,0.8031953417850106,0.7929172311582927,,sadness,5e363c9fbacf60088a5adc74
0.7852615063941123,0.7049795069690903,0.12768330592047045,0.6514581740190756,0.7623092713564478,,sadness,5e43a652189842034d9f77af
0.40102525481193385,0.24564328791647022,0.1827800937703606,0.14205530998616117,0.22651360911594945,,sadness,5f7153edf8fac448cc0a6279
0.5248105815275753,0.35956169609867195,0.19945715382769247,0.24939577247940303,0.29381421082307724,,sadness,5f922f65f8fac448cc0a7f0d
0.62988920714518,0.5847515561907031,0.10304913753541634,0.5546597888877184,0.7139375909926385,,sadness,5e42a9389306c7039ddccd0c
0.8458217412110001,0.7345522936782438,0.14065061031827675,0.6603726619897398,0.7149007333002184,,sadness,5e32c43d5807b852d9e03edb
0.5637212312552979,0.541584183396021,0.1487111310232236,0.5268261514898365,0.5653093473484867,,sadness,5fb33fe7e3dcec421f8357eb
0.6641655245701659,0.48309343660914505,0.16370285554632769,0.3623787113017976,0.38503715347814077,,sadness,5e310f835807b852d9e03035
0.3421622008134288,0.25338656732609266,0.13328952379827536,0.19420281166786854,0.23071051752659566,,sadness,5e39614c33e9ad176cc9bb9e
0.5530450133370145,0.5408853243540808,0.10936576813460591,0.5327788650321249,0.6509051589442775,,sadness,5e44894e9329cb02ef38ad26
0.7566118134691978,0.6348300720765787,0.2010383037142407,0.5536422444814995,0.6377783268105923,,fear,5e32ea315807b852d9e04428
0.7399392266223133,0.6842956236141824,0.10702476158466828,0.6471998882754285,0.7416239831275562,,sadness,5e495d8e7bef803b4851dcd0
0.4210053666838922,0.40216633127934437,0.0916151352678556,0.38960697434297925,0.5802706679840786,,sadness,5f8787be9e04b149046ccd54
0.5793480237642137,0.48860104761367484,0.1397614062828529,0.42810306351331556,0.5008561243647527,,fear,5e43ddc648600202f727017d
0.5575699408803797,0.49542194809602763,0.16863707725936095,0.4539899529064595,0.5721444263811115,,sadness,5e51dd33c38c123b9ec6dc9f
0.6450761546363509,0.5128666263608188,0.15201901972197152,0.4247269408437974,0.47340999903735886,,sadness,5e37bd92ee8206179943c985
0.7598924471690772,0.6346899375097883,0.1261555048046177,0.551221597736929,0.5935380089211912,,fear,5f98062f9e04b149046ce0ce
0.3772161634383067,0.33411459087811113,0.19039179856992766,0.3053802091713141,0.503749747667751,,fear,5f6ad097d338b948c4e685da
0.8082937140670758,0.6510197048310984,0.15941232178259238,0.5461703653404467,0.5315103482223484,,fear,5fb9ce55576e9378b67ac5d7
0.6932834297142499,0.5271376330110509,0.19003652887724581,0.41637376854225167,0.33797833950520817,,fear,5f69b931111dfd48d40fce55
0.5710009958499567,0.4661273838986985,0.14027998412403925,0.3962116425978599,0.4744412772973942,,fear,5e381f29dbc4b7182a6aa193
0.7613757243648364,0.5824926673721115,0.186338030992738,0.46323729604362834,0.4462323411090274,,fear,5fbb1495cb503578af9ee253
0.6328991238900268,0.553100609235402,0.1080182233875104,0.4999015994656521,0.6669538131702137,,fear,5e379fe7dbc4b7182a6a9ac5
0.6525160189026591,0.5385099176316885,0.1382994885335799,0.46250585011770823,0.5171947248815963,,fear,5e369ab2dbc4b7182a6a94ac
0.5479451706222456,0.4947874094597323,0.1698860944641213,0.4593489020180568,0.5676172305181605,,fear,5e424ea22b6c8802f2d85baf
0.7491813629054126,0.5673159463987997,0.17954565078473292,0.44607233539439095,0.4707831206529918,,fear,5e3115665807b852d9e030a0
0.586551321123282,0.4198782769489541,0.17708907215379727,0.30876291416606877,0.3429444592016968,,fear,5f808527d338b948c4e68eff
0.49799518594823383,0.3429691447160753,0.21052575725422776,0.23961845056130296,0.15862148524522193,,fear,5f5f67fb2e23c7161accd206
0.6472654800662786,0.5183226910398765,0.1317886296053921,0.43236083168894174,0.45232720302960555,,fear,5e3681f705fef317e874b5d5
0.6759668985063009,0.4999600370391448,0.19944706731899098,0.38262212939437434,0.38938546204985286,,fear,5e383f1cc8c25f16cd145c96
0.6786575064789768,0.41888016703275194,0.24703180946492947,0.24569527406860212,0.13811327347299177,,fear,5e2ec4935807b852d9e02862
0.702739946942521,0.5752399308311157,0.15518621948042302,0.49023992009017897,0.5666865219537617,,fear,5e462bf98849ac3aacea4fe3
0.6568781047939433,0.4463605150982171,0.2024738887718438,0.30601545530106633,0.2459395522691765,,fear,5e35b25e8661d6073410f90d
0.524741625479076,0.3918818606450366,0.16137089784113098,0.3033086840890103,0.4079856930039989,,fear,5e450dfcf2fe7a3b1d5447c2
0.44289347426317643,0.42474725942748115,0.22102088508185497,0.41264978287035103,0.7654362115470729,,fear,5e33ed2c5807b852d9e0603f
0.7650306803588857,0.7392538837769375,0.08279124994620053,0.7220693527223054,0.8379600565251537,,fear,5fb4ce8ccb503578af9ed990
0.657973227081603,0.5082525168370222,0.16103877291062818,0.4084387100073017,0.5224252717151395,,fear,5e42a0da9306c7039ddcccbd
0.7009746234278666,0.5750736103456442,0.1584859779620994,0.49113960162416265,0.6062689558433368,,fear,5f83b279d338b948c4e692ba
0.7003503979616498,0.6175700879732573,0.14698464910212322,0.5623832146476623,0.6494038896327569,,fear,5e411db79329cb02ef38a646
0.39738535561297483,0.2907222468959805,0.12674941945438553,0.2196135077513177,0.2968206408609223,,fear,5f6e0a35f8fac448cc0a607d
0.3536853290168632,0.28461943196170375,0.19001406123569023,0.2385755005915974,0.23897314785691426,,fear,5f60ba4f3bd6941613f6d482
0.5425063925925966,0.49455000156004525,0.22478459883329652,0.46257907420501093,0.5483060484730532,,fear,5f7826bb9e04b149046cc0b6
0.5728995589884049,0.47101865727574105,0.1565206592871357,0.40309805613396515,0.47557102081824904,,fear,5e48ead58849ac3aacea5397
0.7658566857987431,0.6723665480714935,0.14639010307582978,0.6100397895866606,0.680119204962704,,fear,5e365c6ddbc4b7182a6a91c1
0.7555282584123095,0.6635015477816081,0.1165865290727508,0.6021504073611404,0.5758879731511852,,fear,5fb487f24c55eb78bd7cd8e7
0.6998357756706075,0.5761127124875856,0.12194499044230839,0.49363067036557107,0.5526169152027539,,fear,5e462c482a2d173b73a02a8b
0.37986079120936755,0.1625474757759978,0.293903143032803,0.017671932153751315,0.09160791296092458,,fear,5f88eb03d338b948c4e69b4a
0.6194779737292274,0.42212495038409975,0.20816355418034385,0.29055626815401464,0.29812340506102053,,fear,5e33eeec5807b852d9e06098
0.5362119810254666,0.42441015979816205,0.16354667365064535,0.3498756123132923,0.43578530311622315,,fear,5f9a33069e04b149046ce47e
0.7146928840528527,0.6625219400406848,0.08454808627003854,0.6277413106992397,0.7623169915326624,,fear,5e36715905fef317e874b551
0.7572299472591677,0.6168095362087445,0.21356766834818303,0.5231959288417957,0.6383970405553789,,fear,5fbb463d44697678c497b5d9
0.8620988707455282,0.7870224280048659,0.1303576202803613,0.7369714661777578,0.8407768711606688,,fear,5e32eb4c5807b852d9e04487
0.8505687364415981,0.756153437848194,0.09272507662469935,0.6932099054525912,0.7320749616078799,,fear,5e37ef95dbc4b7182a6a9f33
0.6286891552933943,0.4829464015962165,0.1600320643081047,0.385784565798098,0.3886213495401452,,fear,5e37d77cdbc4b7182a6a9dcb
0.6102349493127898,0.5442940445935902,0.13956444727496442,0.5003334414474572,0.48113050660210555,,fear,5f653d69f8fac448cc0a5804
0.7416809303044166,0.623023538075193,0.12681206598121592,0.5439186099223771,0.5930228093230058,,fear,5fbe28b8576e9378b67ad43d
0.5973204734900892,0.40130018678654106,0.20844156522714932,0.2706199956508423,0.30587961912563955,,fear,5fbb4e074c55eb78bd7ce4ca
0.591529361266746,0.5133673626999615,0.12442895728287666,0.46125936365543835,0.5440313735527663,,fear,5fb9e4cc4c55eb78bd7ce087
0.62244305306913,0.5015248275325167,0.15600530802978194,0.4209126771747746,0.5798063690485643,,fear,5fbb3a0b44697678c497b5c0
0.7394762832749591,0.6512963521660394,0.1860263912712222,0.5925097314267594,0.7833262681826376,,fear,5f645643d0b14d419059b875
0.6244379382478453,0.5059497175268849,0.18832425856691015,0.426957570379578,0.4949532113995808,,fear,5e37dc8305fef317e874c0f4
0.5838999936474233,0.42732757334113963,0.1631305736716939,0.3229459598036171,0.30723987453683604,,fear,5e414302189842034d9f7260
0.8157177066750058,0.7630575180814164,0.08552267960885847,0.7279507256856902,0.8243203762598879,,fear,5e36ebaddbc4b7182a6a9781
0.5742736904214207,0.30663545240747153,0.2810520968226573,0.12820996039817195,0.12219664369316606,,fear,5fbb30c34c55eb78bd7ce41c
0.3442884641450453,0.30873055673703664,0.16827896998308112,0.28502528513169745,0.3167493219985258,,fear,5e37d40adbc4b7182a6a9d79
0.6988897739460775,0.568414621752707,0.15211471172236518,0.48143118695712656,0.5249151747843634,,fear,5e36a2dcee8206179943c24b
0.6155973465808651,0.44126815761441385,0.19157663207567724,0.3250486983034464,0.23609752951531335,,fear,5fbdb581576e9378b67ad17a
0.5953931557152212,0.41088919056943185,0.21406277847942418,0.2878865471389056,0.3454747457124363,,fear,5f9805b8f8fac448cc0a83d9
0.5612615632407841,0.42862293635234494,0.1732157479688029,0.34019718509338553,0.36181202341087826,,fear,5e45705a7bef803b4851d71b
0.5191539710074115,0.3591381880326871,0.19599401984307224,0.252460999382871,0.23973674010118137,,fear,5e48c49c8849ac3aacea5339
0.7425587695575141,0.6670967017501716,0.17819843218977802,0.6167886565452766,0.7444238597015742,,fear,5fb871004c55eb78bd7cdbfc
0.4841768132028396,0.4375377924631185,0.15114866902232882,0.4064451119699711,0.5015751908665854,,fear,5e4691d0f2fe7a3b1d544aa6
0.763302245168096,0.6931291767256563,0.08920930968315834,0.6463471310973632,0.7274356206997711,,fear,5e43ab2648600202f72700f2
0.7636999404586041,0.6084798042990761,0.1655471355510653,0.5049997135260575,0.4306556833959684,,fear,5e36a15bee8206179943c231
0.8532734808946079,0.8185392001773473,0.08859309407350077,0.7953830130325068,0.8390823245894505,,fear,5f71cf57f8fac448cc0a6293
0.6841388728623383,0.5869363067459039,0.12320934417009387,0.5221345960016143,0.5505674088436149,,fear,5f708a6cd338b948c4e68a4a
0.5530154185866125,0.3845313891941888,0.18992344955368975,0.272208702932573,0.3783052064452102,,fear,5e38377cee8206179943cfa4
0.5282404948886938,0.3281480920155332,0.20857462477443253,0.1947531567667593,0.13444288340013272,,fear,5e37aa28dbc4b7182a6a9b5d
0.44352585304030967,0.3685323880746625,0.12538915803764308,0.318536744764231,0.3521134772382166,,fear,5e37d301dbc4b7182a6a9d67
0.7708275950674839,0.6511556277869106,0.1952244192124771,0.5713743162665285,0.6943254413089714,,fear,5fbb5553576e9378b67acad2
0.5423419567541128,0.47178218244056336,0.16396668555261856,0.424742332898197,0.48952021167439,,fear,5e42c3bd48600202f726ff85
0.7718628147662743,0.650552033822579,0.18524068697993304,0.5696781798601154,0.627593399233563,,fear,5e351d2a5807b852d9e07801
0.6173504449070218,0.4793635667843115,0.22645085064480147,0.3873723147025046,0.3967896314321398,,fear,5e464f11f2fe7a3b1d544a57
0.30601174894967514,0.24608774507167236,0.18357901342925473,0.20613840915300383,0.16822367587083464,,fear,5f789188f8fac448cc0a6420
0.7074013630863953,0.602213911779075,0.13547261484993445,0.5320889442408615,0.6168837722873061,,fear,5e32e9c35807b852d9e043f9
0.7808940902102594,0.6494491719572325,0.21513130285367282,0.5618192264552145,0.5490404275379165,,fear,5fb389160fb0f33aa31ca2c2
0.5688506860530997,0.4712090840394702,0.15897336185918468,0.4061146826970505,0.5511450635242109,,fear,5fbdb7a8cb503578af9eea7e
0.43468951659897215,0.36208622769697324,0.2299355947963001,0.31368403509564063,0.31853762549549985,,fear,5fbca3bc4c55eb78bd7ce95e
0.4919065796854486,0.3228358055819094,0.1909849108270049,0.2101219561795499,0.15188748230099444,,fear,5e521601963e443aee02b6d0
0.7006998843130936,0.6060045622033557,0.10818379328794563,0.5428743474635306,0.59769140859158,,fear,5e42bdf52b6c8802f2d85daf
0.5384969059307595,0.4421223909359967,0.12493180460292312,0.37787271427282154,0.4309421958718253,,fear,5e5228d87bef803b4851deb7
0.4999501580662836,0.3556786601030576,0.14863550853029478,0.2594976614609069,0.25374588569885353,,fear,5f6378bdb878131628349ee2
0.5717350563968813,0.4351712843496981,0.21048146174897078,0.344128769651576,0.2963585991978731,,fear,5e37dcabc8c25f16cd1457e0
0.7154590050497601,0.6584917951011162,0.0938394107270193,0.6205136551353536,0.6408506727305122,,fear,5e37824b05fef317e874bbae
0.6261693461605445,0.5353237933185162,0.11709248881367346,0.4747600914238308,0.5184315517058117,,fear,5f86e2f2f8fac448cc0a6f0c
0.6005868068032091,0.5076765296632665,0.15110042816112723,0.4457363449033047,0.5041427023441776,,fear,5e3558ec5807b852d9e081c1
0.5239021496073789,0.5222123024754779,0.19807026030939823,0.5210857377208774,0.49081196729959997,,fear,5fbe0f4144697678c497bf4c
0.49469154043522756,0.33136779375964565,0.1878219628948473,0.2224852959759244,0.20723929719100434,,fear,5f6163ba3bd6941613f6d4f8
0.6851234210215729,0.5609699947036295,0.12675091004379127,0.4782010438250006,0.4815350170925644,,fear,5e4256d4189842034d9f745e
0.7485012262004919,0.6512403345584459,0.12204953193738444,0.5863997401304154,0.6419757475996934,,fear,5e37f508dbc4b7182a6a9fad
0.6569716124620455,0.5753573975329511,0.10209882516735821,0.5209479209135549,0.5806642305911496,,fear,5e36596d05fef317e874b458
0.5918983932769697,0.5190889015008504,0.10518286440054311,0.47054924031677076,0.5501087382945099,,fear,5e3d395edbc4b7182a6aa94e
0.5947408453925681,0.4630154197981885,0.14000470392634307,0.37519846940193546,0.36640872559399496,,fear,5f9a751f9e04b149046ce529
0.7586491449253614,0.5462937741477634,0.2824600542318612,0.4047235269626981,0.31793226205058267,,fear,5e338d675807b852d9e04e8c
0.7276128414885904,0.6944713715996984,0.0952298092939154,0.6723770583404373,0.7758026705211934,,fear,5fba3ef24c55eb78bd7ce2e3
0.4186783055104451,0.3852211346520442,0.16444791163046552,0.36291635407977685,0.3914746489635681,,fear,5e453b6b2a2d173b73a02907
0.5184632640617106,0.44768308497499876,0.1457659944027992,0.40049629891719074,0.5111001471860895,,fear,5e492362963e443aee02b471
0.6282825513707931,0.5337867691093071,0.15690700838238802,0.4707895809349833,0.6194529955691671,,fear,5e36d44805fef317e874b939
0.7837521750113718,0.7207314304100142,0.13167763177615482,0.6787176006757757,0.7395773027393764,,fear,5e40ebb09329cb02ef38a588
0.7185998094592125,0.7354099859770366,0.08241607084284255,0.7466167703222526,0.8694890506610675,,fear,5e37870b05fef317e874bc23
0.7695714452065245,0.5479136058462863,0.23102915263968293,0.40014171293946094,0.30056132759222165,,fear,5e369f45dbc4b7182a6a94f2
0.5574668921425311,0.41715545758883776,0.19919920805648836,0.32361450121970886,0.30724852502071637,,fear,5f9929b1111dfd48d40ff7de
0.7753087552013864,0.5976571721195467,0.20931933232369182,0.4792227833983203,0.38127307218402756,,fear,5e350d2b5807b852d9e074aa
0.5428654885772038,0.4157854933445659,0.16578952415962758,0.3310654965228072,0.376463416025614,,disgust,5e34cd925807b852d9e06894
0.6091229079756643,0.47158148805183825,0.2251448817145579,0.37988720810262083,0.35114428203887604,,fear,5e33beea5807b852d9e0541b
0.3524786025115666,0.3475607880944665,0.16964951501597775,0.344282245149733,0.49400019995654565,,disgust,5f997c3ad338b948c4e6aff3
0.8042834850726788,0.7119631602238856,0.1035173964407815,0.6504162769913567,0.7237788312867015,,disgust,5f8bbd6c111dfd48d40fe833
0.4858126909284649,0.3319711345652735,0.2774663368936399,0.22941009698981252,0.19754052236005024,,disgust,5f8ba66dd338b948c4e69ed8
0.20899279794965386,0.25690515426652083,0.17575149725670305,0.28884672514443216,0.22948158438628524,,disgust,5f83053ef8fac448cc0a69a0
0.4414438081584836,0.38321728679966194,0.14039271060382003,0.34439960589378077,0.36586387266518894,,disgust,5f81cb27d338b948c4e69122
0.5505862225401533,0.4659040110149898,0.13131517922836985,0.4094492033315474,0.3952568698419044,,disgust,5fbb93a0576e9378b67accb4
0.389701043373187,0.31292431692130185,0.14858910608205067,0.2617398326200451,0.2823203202882548,,disgust,5f427a3716bbac1317968f14
0.43856590831135206,0.3418664373430495,0.18730712009757106,0.27740012336418113,0.23014309650160122,,disgust,5e43d9db0b3f160367c20d1a
0.5787127420481687,0.4831557737012078,0.1768445051836206,0.41945112813656715,0.39639381096281384,,disgust,5e37be91dbc4b7182a6a9c73
0.24547291032932694,0.22717300703692261,0.15470111776186402,0.21497307150865305,0.2421449936142061,,disgust,5f6e06d0d338b948c4e688b4
0.5271782858039319,0.346011977695987,0.246413145657034,0.22523443895735706,0.15955882682983336,,disgust,5e43739b2b6c8802f2d85edf
0.23919697391539185,0.18142312011656347,0.21027432184426648,0.14290721758401123,0.13224844171672165,,disgust,5f8a4b3fd338b948c4e69d68
0.5446527046296394,0.42977570434949575,0.152143636552281,0.3531910374960667,0.428647306750527,,disgust,5e48e5157bef803b4851dba7
0.5698945240411138,0.4292852257121337,0.15378146413757815,0.33554569349281355,0.4166390706797709,,disgust,5f7814d4d338b948c4e68c34
0.6643581499399475,0.5310971838125148,0.16057432809308336,0.4422565397275598,0.436348696067512,,disgust,5e33f30b5807b852d9e0615c
0.4659848553108379,0.29903809604934917,0.19290992949814842,0.18774025654169013,0.23732219131992985,,disgust,5f636645b878131628349ec9
0.5892574273485833,0.5334321626648296,0.10918229533525826,0.4962153195423271,0.5743568351973247,,disgust,5e48e7d18849ac3aacea5392
0.6605591267779763,0.5025515038957351,0.15787618191031536,0.39721308864090776,0.3895697502607148,,disgust,5e36c720c8c25f16cd145033
0.5353234949223903,0.3858995625243144,0.1552599396087398,0.28628360759226384,0.34545739735782044,,disgust,5e37a20a05fef317e874bdbe
0.5723010638488982,0.4059190795158575,0.18826254280880408,0.2949977566271636,0.22927031596717215,,disgust,5f9a7afbf8fac448cc0a8867
0.5615600761094437,0.48546707887682006,0.16855734213648302,0.43473841405507113,0.6728698151406022,,disgust,5e378c697995ef170fc0f006
0.7100749991155281,0.5829539133747007,0.14522307621716132,0.49820652288081574,0.5564760197906273,,disgust,5e39546aee8206179943d3e7
0.5019735873079598,0.3847983858077978,0.13453882796216743,0.3066815848076898,0.3603977247568853,,disgust,5f64175e639e10419832ebad
0.5278774719610924,0.43955769695705926,0.17814932328409694,0.3806778469543706,0.45703330262169056,,disgust,5f6c95a7111dfd48d40fd0ed
0.5428257543215945,0.46781054271197337,0.11590444006112975,0.4178004016388925,0.5338661731836635,,disgust,5f98433ad338b948c4e6ad3e
0.41017566040467757,0.33720328733282023,0.1964412493620947,0.28855503861824866,0.28154570301084175,,disgust,5f66cafe111dfd48d40fcb74
0.716404641342373,0.5696686318692257,0.26961356608798137,0.4718446255537942,0.5417518999513798,,disgust,5fb8c229cb503578af9edca5
0.5577383532216871,0.3685312523278516,0.27623955048477794,0.2423931850652946,0.0893986680356408,,disgust,5e33d2535807b852d9e059dd
0.7181515072378114,0.6154935778773903,0.15221017289727565,0.5470549583037764,0.6864075511633652,,disgust,5f645cb9d0b14d419059b893
0.5320286315602286,0.34078689619961067,0.1683342950655154,0.21329240595919882,0.23485970631249736,,disgust,5f9237b4111dfd48d40ff165
0.5852212877814288,0.3326352225346997,0.3297613896067173,0.16424451237021362,0.089161752717548,,disgust,5f708f9ef8fac448cc0a61ef
0.7108930606838155,0.6645533815821743,0.09248552797524721,0.63366026218108,0.6952274356774923,,disgust,5fbe2d9f44697678c497c02d
0.7199979779634584,0.5560691182251083,0.17420522232992908,0.44678321173287494,0.418489198251119,,disgust,5fb8d01bcb503578af9edd1d
0.7795896108329673,0.7051163499798612,0.07676763076595441,0.6554675094111237,0.7385382846171433,,disgust,5e44d621963e443aee02ad5d
0.4193576373457679,0.2905567263630112,0.196467010230926,0.20468945237450673,0.20327007462140445,,disgust,5e488f958849ac3aacea52e7
0.5686715949573709,0.4613003745944454,0.2013838019153253,0.3897195610191619,0.4076242751473966,,disgust,5e37d50e33e9ad176cc9b252
0.585046868914612,0.44658613254366647,0.138883097081258,0.35427897496303623,0.3745820060838176,,disgust,5e355cce5807b852d9e0828c
0.6852917166461467,0.6193444200552248,0.08039557768434775,0.5753795556612767,0.6336028928654381,,disgust,5e37b19ddbc4b7182a6a9b93
0.5887878402372837,0.44689019688267617,0.2224505334951221,0.35229176797960443,0.2946670432044536,,disgust,5e36318b8661d6073410fbfd
0.45524948337814136,0.36538039192524074,0.1702465888450234,0.30546766428997363,0.2743823484137968,,disgust,5fbdd62b4c55eb78bd7cec5e
0.5158323017144888,0.4401103370496612,0.1797162832198872,0.38962902727310955,0.42302757343803654,,disgust,5f846c64d338b948c4e6941f
0.5283193970233112,0.44075862066094984,0.24385150990180093,0.3823847697527089,0.5961450837337738,,disgust,5fbcde744c55eb78bd7ceac9
0.7512707093354628,0.6946827021091353,0.12374595286810171,0.6569573639582507,0.6087138961791381,,disgust,5e410d092b6c8802f2d85960
0.3678831818084256,0.27176164891934373,0.12225652506434492,0.20768062699328912,0.27536407533024926,,disgust,5fb37be748cdda3a922e4ef1
0.7866515939033631,0.5908312955983434,0.22927256560756776,0.46028443006166336,0.4187027837193739,,disgust,5f83ead9d338b948c4e69326
0.5186841565026117,0.29305794839535126,0.25394133570382343,0.14264047632384436,0.0634033921401322,,disgust,5fb4bb3d44697678c497ab86
0.3809284814182238,0.29549969402261134,0.23962418254495702,0.23854716909220308,0.5634066247163871,,disgust,5e4263179329cb02ef38a86d
0.7114719417022549,0.6232209247728335,0.15608311326455657,0.5643869134865527,0.5922079197993995,,disgust,5e35ccdc8661d6073410f98b
0.4828189257619251,0.35376564990684434,0.21135033872840944,0.26773013267012385,0.3536764743974625,,disgust,5f6bec16f8fac448cc0a5e78
0.6289359210494838,0.33451878929056067,0.30444584362005406,0.13824070145127862,0.0736639637427303,,disgust,5e5331ec963e443aee02b765
0.554246151497072,0.3580353880083416,0.1862034809356937,0.2272282123491879,0.20076665907985697,,disgust,5f7844d3111dfd48d40fd5c3
0.34404854604968116,0.2646800628536961,0.135143358350022,0.2117677407230394,0.3066311616150197,,disgust,5f92292ff8fac448cc0a7ef4
0.615668210028346,0.4772848875804632,0.19424024299899761,0.3850293392818747,0.3826189230364324,,disgust,5e44e00dc38c123b9ec6d2ee
0.6570571851533586,0.601317912007934,0.12122575583003757,0.5641583965776508,0.8047982580167171,,disgust,5e39680fc8c25f16cd146149
0.7599418630806382,0.5801144566571786,0.23531325891206545,0.460229519041539,0.4926167610478699,,disgust,5fb9dcdc44697678c497b171
0.3546173624085389,0.2382815781217497,0.18059233053402016,0.16072438859722343,0.28194803892120196,,disgust,5f9229159e04b149046cdc0f
0.7139773911375519,0.6237733040535515,0.10663807981286283,0.563637245997551,0.651204363803649,,disgust,5fbb878c576e9378b67acc54
0.36536957150661725,0.34985666931476034,0.24323137629216296,0.33951473452018904,0.5071224390001623,,disgust,5f8121f0111dfd48d40fd946
0.760642152472451,0.6876434059439546,0.07724176336961898,0.6389775749249568,0.703353173849652,,disgust,5e355be95807b852d9e08255
0.46397497381942693,0.3920719186227597,0.11664712097384825,0.34413654849164815,0.4177041355831566,,disgust,5f60c14954b2361621284b15
0.4905699681888993,0.33066417090481515,0.22686911646270685,0.224060306048759,0.1454202885651526,,disgust,5f8dae8ed338b948c4e6a307
0.7314063776741376,0.590258810877025,0.1497172243832186,0.49616043301228346,0.5473183067399147,,disgust,5fbb32a344697678c497b58d
0.6551784678686343,0.5273683957314829,0.16618743828784246,0.4421616809733819,0.40987800242845934,,disgust,5fbb6f6a576e9378b67acbc6
0.536504566087796,0.42514981062238455,0.1899227650148418,0.35091330697877704,0.2994140735627427,,disgust,5f62149fb878131628349d70
0.5171903851797852,0.44282117352965705,0.1382392119123093,0.3932416990962384,0.5245539474618015,,disgust,5fbcde8f4c55eb78bd7ceaca
0.7911927955948288,0.807802817540205,0.11113473595882661,0.8188761655037892,0.8698951018330665,,disgust,5e4152469306c7039ddcca75
0.46889528478628134,0.4286436270898678,0.12438882260373015,0.40180918862559206,0.5364094886195857,,disgust,5e3964ff7995ef170fc0fd56
0.6886337569770555,0.5161764309115422,0.18441452514962317,0.4012048802011999,0.3967257237289997,,disgust,5fb8cfac576e9378b67ac42a
0.2804864393867679,0.18480523262137782,0.12798872236348344,0.1210177614444511,0.07222032074185684,,disgust,5f866e9c111dfd48d40fe07c
0.5096751570225154,0.3824133404576587,0.2281555030578463,0.2975721294144209,0.31822783276000016,,disgust,5e34d8e55807b852d9e06af9
0.7212850820344381,0.6296382372304837,0.09470750703211128,0.568540340694514,0.6420436473389013,,disgust,5e40dc052b6c8802f2d85898
0.6115803060953113,0.5154918099851992,0.12397505918703468,0.45143281257845785,0.5122761272995259,,disgust,5e37d2bcee8206179943ca79
0.5649292928659594,0.4894009819952638,0.15130892882891353,0.4390487747481335,0.5359117366159242,,disgust,5e535c187bef803b4851df90
0.6665131070569741,0.5204892027142533,0.16735395934555689,0.42313993315243964,0.4213558710587402,,disgust,5e51e0912a2d173b73a03102
0.3472003373456909,0.30425033519857847,0.10058380048262028,0.275617000433837,0.40376786423047073,,disgust,5f81cb159e04b149046cc595
0.7391030128727003,0.5351554696834865,0.19395755997928854,0.3991904408906773,0.38374616003659495,,disgust,5f8303ac111dfd48d40fdb98
0.343518787690247,0.2580492589264468,0.2025116360861188,0.20106957308391335,0.26028711857864467,,disgust,5e39654dee8206179943d465
0.6845563286015222,0.5072163425914538,0.17183056189435256,0.3889896852514081,0.4226002359523936,,disgust,5e36a893ee8206179943c292
0.6280244573927345,0.5434803263866372,0.08572331786371389,0.4871175723825723,0.6399183726421671,,disgust,5e30339d5807b852d9e02e04
0.6318840977662403,0.4222326767542672,0.20148311705406705,0.2824650627462851,0.28167582072267205,,disgust,5f86e7dd111dfd48d40fe150
0.551691109946,0.3889451657394633,0.19791226059514552,0.2804478696017721,0.19465811364661456,,disgust,5e5288a1c38c123b9ec6dd19
0.7723548367726378,0.6117479255901801,0.16380301563339922,0.5046766514685416,0.5277379365976246,,disgust,5fbb634644697678c497b6f3
0.4631139177518175,0.39879244089723803,0.0862662779648353,0.35591145632751836,0.4772442171125884,,disgust,5e37998705fef317e874bd01
0.42552377301335664,0.31372690716539087,0.1281630504186533,0.23919566326674682,0.34069561097042833,,disgust,5f8b7cb0f8fac448cc0a757f
0.7058596705473879,0.5220688549635872,0.1743492682744433,0.39954164457438707,0.4241370240136766,,disgust,5f901adbd338b948c4e6a696
0.6493929933101206,0.5881018234069266,0.1335765235674388,0.547241043471464,0.6085352603277063,,disgust,5e4270c72b6c8802f2d85c33
0.8392763426795744,0.7035757809006445,0.1454180644324427,0.6131087397146912,0.642505557845895,,disgust,5e435f6b9306c7039ddccebf
0.5301442893204126,0.3474844042452935,0.2214633209180616,0.22571114752854735,0.2853428554079927,,disgust,5f830c179e04b149046cc6ac
0.7841490538043331,0.6569286885712314,0.1412153946219789,0.5721151117491637,0.579919973331146,,disgust,5e4899a32a2d173b73a02dd4
0.542060336487981,0.4749217699333256,0.11789715192605632,0.43016272556355534,0.5582759935783234,,disgust,5fbe0f8fcb503578af9eec7c
0.6947901921478729,0.5776605123429027,0.2811065982806179,0.49957405913958924,0.6465570453876348,,disgust,5fba18aa576e9378b67ac770
0.3491452820938718,0.2642003918797892,0.14254208807981694,0.20757046507040086,0.2211838688765028,,disgust,5e40e9502b6c8802f2d858de
0.6209616436548073,0.4841715927877074,0.13258090153792032,0.3929782255429741,0.48975957635040296,,disgust,5f83f205d338b948c4e69338
0.7978991170449601,0.7531683692880241,0.059553471479983605,0.7233478707834001,0.8107986173070816,,disgust,5fb4bcee4c55eb78bd7cda6e
0.3503381424652008,0.21087119005951785,0.1515858511364909,0.11789322178906254,0.1303310260504574,,disgust,5f866e67f8fac448cc0a6e5b
0.444329143728664,0.26260910770248536,0.1848752857587816,0.14146241701836623,0.11995600354694445,,disgust,5f866e83f8fac448cc0a6e5c
0.6285609025081156,0.520284687282303,0.1958602782013604,0.44810054379842806,0.33143738445028365,,disgust,5fb4bccf44697678c497ab8b
0.6968055498244521,0.6695629686182784,0.12986518569538108,0.6514012478141625,0.8118431352320004,,disgust,5fb8807144697678c497adab
0.7031103242850197,0.6361425515668339,0.16027031068352768,0.5914973697547098,0.6199432226066761,,disgust,5fba210fcb503578af9ee0ca
0.5250070205956494,0.5132939568518723,0.1732892495510448,0.5054852476893542,0.7475469632602527,,neutral,5fbe0aa9cb503578af9eec42
0.45360542778014357,0.32864437012677,0.14282185242669437,0.24533699835785427,0.36310691273534407,,neutral,5f98ad0c9e04b149046ce1b5
0.7421353866829453,0.6112352553677398,0.14401398554080255,0.5239685011576029,0.566029436145779,,neutral,5f60373ab878131628349bef
0.7932635099074237,0.7080283246788946,0.14559493410304855,0.6512048678598753,0.7557440364684669,,neutral,5fb9ffa94c55eb78bd7ce142
0.5807313171318408,0.45518819760523027,0.13250047315708227,0.37149278458748985,0.42847672338672577,,neutral,5fbcdd4c4c55eb78bd7ceac3
0.5309921706272505,0.4199747907079602,0.13134749677292584,0.34596320409509995,0.4527216919403985,,neutral,5f66fadd9e04b149046cb6dd
0.37632750317963404,0.28619198723288763,0.17978867460131964,0.2261016432683899,0.3370835211810495,,neutral,5f60924cb878131628349c3a
0.5327931159974362,0.4320194629052037,0.1284261983949819,0.36483702751038205,0.41202528052657517,,neutral,5f69a9339e04b149046cb992
0.4923888653062899,0.3871910496743717,0.14410350590955096,0.31705917258642624,0.3647219116946499,,neutral,5f77d970f8fac448cc0a636d
0.4380688582733223,0.3949532951083434,0.11027616641800245,0.36620958633169076,0.47858035477242716,,neutral,5fbcdfc8cb503578af9ee9d9
0.4927501325636413,0.36369672924946134,0.18524400546645686,0.277661127040008,0.26513906811781746,,neutral,5f5d81023bd6941613f6d21d
0.5031154570524733,0.43844304001988627,0.14681250406547686,0.3953280953314948,0.4270487731222174,,neutral,5f88720dd338b948c4e69b0e
0.7685455289370354,0.6364134254754926,0.1980316751848662,0.5483253565011307,0.6774530697293926,,neutral,5fb9e8edcb503578af9edf6d
0.6396863695799253,0.49455519020338673,0.15969348595626126,0.39780107061902764,0.3737228311713432,,neutral,5fbdbc68576e9378b67ad1dd
0.5981654147823824,0.5518310932020997,0.11439548927384033,0.5209415454819113,0.5182478689163998,,neutral,5fb8923d44697678c497ae2d
0.4341749490365052,0.3578549172044865,0.18984839120768737,0.30697489598314065,0.3330127409936951,,neutral,5f6ad36fd338b948c4e685e3
0.6569107843669246,0.4857909085323989,0.1729223758134464,0.37171099130938173,0.39621010500425946,,neutral,5f6b0100111dfd48d40fcfa4
0.545899235467273,0.37536329717256717,0.19503218664123906,0.26167267164276325,0.30666499371350137,,neutral,5f780a499e04b149046cc0a3
0.765625937680005,0.6325985480468928,0.12837525748639309,0.5439136216248179,0.5466086583006508,,neutral,5fbb591acb503578af9ee438
0.16606269252705733,0.19105474967381958,0.10639339053243144,0.2077161211049944,0.3413125211216355,,neutral,5f68299c9e04b149046cb801
0.5301890570432196,0.41894349877209286,0.1476742919884787,0.3447797932580083,0.3266623648679522,,neutral,5f8cd156d338b948c4e6a163
0.587413072972559,0.3805440272353591,0.23826420080844027,0.2426313300772259,0.20346271242048716,,neutral,5f7087f0d338b948c4e68a3d
0.7684390550384606,0.5776385530382584,0.19262854852534822,0.4504382183714572,0.41632235912655996,,neutral,5fb8985944697678c497ae63
0.3642933546505661,0.2927371157546405,0.1588416910138274,0.24503295649069012,0.3338565271283008,,neutral,5f8a2c01d338b948c4e69d3e
0.704605776721881,0.5771093438190751,0.19596699966040865,0.49211172188387103,0.42139813291756556,,neutral,5f5d8916b8781316283499c4
0.42479106621623386,0.32919702024546404,0.15495772076960332,0.26546765626495084,0.34931213981838083,,neutral,5f8e8f0f9e04b149046cd7c8
0.793434837742879,0.7401000801818489,0.10906273803437277,0.7045435751411621,0.7414314106533207,,neutral,5fb9caadcb503578af9edec9
0.4084662131393382,0.25792343273095375,0.18297441636698578,0.15756157912536414,0.27940798427686486,,neutral,5f633fdc54b2361621284d43
0.7182994990643534,0.6012837983410234,0.2303166994708248,0.5232733311921368,0.41461812544216253,,neutral,5fb87e0acb503578af9edb1a
0.625711315505829,0.48685653013268704,0.17137269682018777,0.394286673217259,0.5406214809276157,,neutral,5fbe2c7f576e9378b67ad476
0.5205452922459579,0.4285436652761053,0.13222300231891873,0.36720924729620363,0.4736371973846687,,neutral,5f883d06111dfd48d40fe3bc
0.5279410060896076,0.3212017283202166,0.2722379279160442,0.18337554314062263,0.06437016599017163,,neutral,5fbb72274c55eb78bd7ce642
0.6010817682772259,0.4292507806809428,0.2021193544880639,0.3146967889500874,0.27607987719856575,,neutral,5f663a9dd338b948c4e6819b
0.589435428781138,0.44089912455568714,0.16559684997263976,0.34187492173871986,0.4474123494963024,,neutral,5f922a39d338b948c4e6a86c
0.47213040489774716,0.4960899445283128,0.10564818877234577,0.5120629709486898,0.6103738916916048,,neutral,5fb8e7e7576e9378b67ac4d4
0.5174484830485764,0.4376865273675885,0.10965398435713072,0.38451189024692983,0.48776757098001333,,neutral,5f5b621eb87813162834981c
0.46695843677563365,0.3338653327293124,0.19421023048818192,0.24513659669843157,0.22091640869707807,,neutral,5f883bd99e04b149046ccec2
0.6302105674312335,0.5244102227697771,0.1435561606934574,0.4538766596621396,0.5469742789658719,,neutral,5f6404e954b2361621284df1
0.8953426583579409,0.8085584676400283,0.09339678804111992,0.7507023404947533,0.7805159256150807,,neutral,5fba1cf84c55eb78bd7ce1de
0.5681600184537858,0.37589137959143004,0.2140247299615264,0.24771228701652614,0.25898007766472364,,neutral,5f647bf5111dfd48d40fc951
0.364818197974898,0.2659118252469405,0.17553235602586892,0.19997424342830217,0.1318522849266143,,neutral,5f5f561154b23616212849e3
0.35086138486054563,0.2586800025573274,0.1831548444529247,0.19722574768851533,0.10556979097044042,,neutral,5f77d940111dfd48d40fd55d
0.4059622126576261,0.32153059435564846,0.16228320173785177,0.2652428488209968,0.27093665324643756,,neutral,5f5eb08554b2361621284948
0.5224463102042899,0.4140868186935457,0.13624540221129092,0.3418471576863829,0.35810669173401416,,neutral,5fbe0a7e4c55eb78bd7ced13
0.6731442895678253,0.5383615445968577,0.21781645562172508,0.4485063812828792,0.4492633056662348,,neutral,5fbc9fa144697678c497bac1
0.8014550512523084,0.7420757435360855,0.11107088078387488,0.7024895383919368,0.8263334753939979,,neutral,5fbcc6744c55eb78bd7cea3d
0.6990516203300384,0.5251280618473119,0.1886469945360957,0.4091790228588273,0.424006499114039,,neutral,5fbb3605576e9378b67ac9f0
0.41123007296488034,0.33700483048906177,0.13598790051905968,0.2875213355051827,0.4576379244983839,,neutral,5f714daf111dfd48d40fd462
0.7865273539547735,0.698669502190879,0.11614176978972884,0.6400976010149493,0.7414034679683461,,neutral,5fbb7058cb503578af9ee4fd
0.5432337222379868,0.4532267752895728,0.15515997053071465,0.39322214399063027,0.45030148037489875,,neutral,5fbe0c2344697678c497bf1f
0.5905010479831062,0.3882313848834424,0.2173162821332027,0.2533849428169998,0.16822488418436657,,neutral,5fbc9ad84c55eb78bd7ce8d1
0.7676336325709192,0.5724536370811106,0.19569459681957477,0.4423336400879047,0.417392492114272,,neutral,5fbb58facb503578af9ee436
0.7587460750045936,0.5877044972352683,0.19056479593611148,0.4736767787223848,0.40607606998054724,,neutral,5fb9cb17576e9378b67ac5be
0.42988919315948126,0.29340061066927314,0.2085432354765142,0.20240822234246778,0.18095567196298437,,neutral,5f640481b878131628349f4e
0.6698174328127823,0.555041445694435,0.14414323481190486,0.47852412094887015,0.4921959155512661,,neutral,5fb4d97fcb503578af9eda0e
0.3483309413023835,0.24167532696162644,0.1391314756205332,0.17057158406778838,0.2830632619619674,,neutral,5f715815d338b948c4e68ae9
0.7976499205080526,0.671929710115232,0.12369598543976357,0.5881162365200181,0.6215113813052549,,neutral,5fb9f9f4cb503578af9edfb0
0.6912547172076453,0.5561819752051684,0.21795978757632656,0.4661334805368507,0.47607710926800817,,neutral,5fbb347644697678c497b59f
0.6842706912746807,0.5493654313688174,0.1380929616809939,0.45942859143157516,0.49306814470636834,,neutral,5fb9cc63576e9378b67ac5c8
0.21283308733646494,0.22472608423044788,0.1667613723025807,0.23265474882643647,0.2532936318310439,,neutral,5f67e623d338b948c4e682cb
0.7230839821209981,0.6133682465299233,0.1200577070178794,0.5402244228025402,0.603928113619559,,neutral,5f7093d39e04b149046cbf00
0.5383639161197282,0.45031310369852384,0.1325238067565722,0.39161256208438755,0.4705130683954245,,neutral,5f70afd89e04b149046cbf1f
0.6929957069535339,0.5788135621091699,0.14553913892562959,0.5026921322129274,0.4587873869529995,,neutral,5fbb5a1a44697678c497b6da
0.8288313915033693,0.7983525150968338,0.05260441632577774,0.7780332641591435,0.7909229104292527,,neutral,5fbb590fcb503578af9ee437
0.5072369908699703,0.35809435856015065,0.22688043616163528,0.2586659370202708,0.2419291302998434,,neutral,5fb491234c55eb78bd7cd97d
0.32279387039892277,0.2189161013076107,0.17631215318749954,0.1496642552467359,0.23973909100988464,,neutral,5f786b08111dfd48d40fd5d1
0.4590420135706785,0.3571408152406676,0.1302359259010658,0.2892066830206604,0.39030695980830166,,neutral,5f65fe94111dfd48d40fcabc
0.581121021949156,0.39477556840475686,0.20199420730613332,0.2705452660418241,0.19772990305956661,,neutral,5fb8af07576e9378b67ac37e
0.56087050410984,0.3674991667590411,0.20774893468475567,0.23858494185850845,0.3062051255099242,,neutral,5f6eaef19e04b149046cbdc5
0.7052996919363674,0.6626748368679453,0.11797409976141666,0.6342582668223304,0.754854068934224,,neutral,5fbcc378576e9378b67ad04e
0.6702377723101636,0.5826751342010883,0.146977194349909,0.5243000421283717,0.684560160679625,,neutral,5fb8e8f7576e9378b67ac4e3
0.3504124906673888,0.24836728506847194,0.1952601217986295,0.1803371480025274,0.1407548739582597,,neutral,5f6bf121d338b948c4e686dc
0.5344112802413107,0.4176223365002631,0.13717650409984883,0.339763040672898,0.42847283451978024,,neutral,5f92a35ad338b948c4e6a91c
0.6280498339167934,0.5157725410358783,0.15686635568394855,0.44092101244860177,0.6346506535537424,,neutral,5f87b8d3d338b948c4e69938
0.7686827266527,0.5747719190619281,0.22898445364686557,0.44549804733474696,0.35478479832699666,,neutral,5fb890a5cb503578af9edbb1
0.3568626679143409,0.32411579582217603,0.17987640088307283,0.30228454776073277,0.5371402040638201,,neutral,5fba0791576e9378b67ac72d
0.6111002935692812,0.43658779665999836,0.17591996912168048,0.32024613205380975,0.3273519209169423,,neutral,5f6446043d151f41883fa0a8
0.5258686908152446,0.39245770951438863,0.2049152751972847,0.303517055313818,0.23789259789402162,,neutral,5fbcdf9e576e9378b67ad0fe
0.5412874364717661,0.4220710978706479,0.20106285675175872,0.34259353880323573,0.2742334816743475,,neutral,5f5fd9bd54b2361621284a4f
0.6475448975079885,0.5288915584499637,0.2120278934913419,0.44978933241128044,0.5703032023078405,,neutral,5fb9ec314c55eb78bd7ce0c6
0.4743254671381042,0.33914824047754677,0.22356368604039842,0.2490300893705085,0.3974042317132834,,neutral,5fbd174e44697678c497bcc0
0.6245995876463365,0.5462207062874057,0.14448760681731715,0.49396811871478524,0.6052377678488419,,neutral,5f65547e9e04b149046cb542
0.6951905134110175,0.6261242365962114,0.14663577978147727,0.5800800520530075,0.5296360914939674,,neutral,5fba011c576e9378b67ac713
0.7284822610450932,0.5523833509497755,0.2223715012220728,0.4349840775528972,0.4621165004860742,,neutral,5fbb5981576e9378b67acb06
0.6305032655173215,0.5206356858084515,0.14280186665212424,0.447390632669205,0.4967221439619715,,neutral,5fba216344697678c497b358
0.6199515324649383,0.4764084862903627,0.22678626689414005,0.380713122173979,0.42231920509303433,,neutral,5fb4954644697678c497aae2
0.7551182683193246,0.6540068575629099,0.16862935596332598,0.5865992503919667,0.5558809871482597,,neutral,5fbb585944697678c497b6c6
0.7218595011198143,0.6562479189794672,0.1582918014930649,0.6125068642192358,0.5953760625073308,,neutral,5fb89830576e9378b67ac31a
0.24926239396412278,0.2249017069531806,0.341479877413624,0.2086612489458858,0.35892885102485794,,neutral,5f6b6bac111dfd48d40fcffc
0.5932056518675228,0.47772556536043814,0.14335128335025835,0.4007388410223818,0.4594132394819226,,neutral,5f899769f8fac448cc0a7381
0.4710110478391487,0.41468210918240134,0.11653581117202388,0.3771294834112364,0.43311445615106287,,neutral,5f6e0460f8fac448cc0a606d
0.4609262689562076,0.4632587084407147,0.19302648173133796,0.46481366809705266,0.4726287521385905,,neutral,5fb8e8624c55eb78bd7cdf0d
0.6059880336346006,0.43061109358057204,0.21052176206766918,0.3136931335445531,0.42477291745517415,,neutral,5f6381b4b878131628349f09
0.4593936349485246,0.3621664060072699,0.17124603192433835,0.29734825337976684,0.4025826961377177,,neutral,5f8b7f1f9e04b149046cd2e2
0.763233871802379,0.6990171047658238,0.08772171855383905,0.6562059267414537,0.7052694585858129,,neutral,5fb898d7576e9378b67ac31d
0.7411278120861094,0.5117387139124923,0.21957333375598143,0.3588126484634142,0.326026430464024,,neutral,5f8cdf80f8fac448cc0a7855
0.49338555669136824,0.4761356677565999,0.1491775826082402,0.46463574180008776,0.5690596590868392,,neutral,5fb38d0fe3dcec421f835904
0.4824965403053781,0.4299384434621124,0.16940384743253176,0.39489971223326853,0.4965700377813145,,neutral,5f41cb7b9dd513131eacee94
0.7441509912658888,0.6180962876063572,0.1607888977030927,0.5340598185000025,0.579532971153742,,happiness,5fbdd3a8576e9378b67ad27d
0.35348201917346767,0.28198832191897505,0.15860844558928044,0.23432585708264655,0.2222047900190363,,neutral,5f694284d338b948c4e68416
0.7719584412486968,0.6551734874537674,0.12153210704816288,0.5773168515904811,0.5705553735290565,,happiness,5fba3b174c55eb78bd7ce2b4
0.2749457881094647,0.21998100473477594,0.1260456259806442,0.18333781581831676,0.2447580802849101,,neutral,5f899745111dfd48d40fe61b
0.4871319402316914,0.3543280173904325,0.16049892813485372,0.26579206882959333,0.21343707825108219,,happiness,5fb4b3074c55eb78bd7cd9f3
0.6181461181841171,0.6145444416356328,0.15376302437460532,0.6121433239366435,0.7503406449493653,,happiness,5fbdba724c55eb78bd7ceb9a
0.512329892383538,0.46441577610598805,0.11099921421663723,0.4324730319209549,0.5016063286379892,,happiness,5f6bd403d338b948c4e686b0
0.5671627324327627,0.4734551464189362,0.19651686089762704,0.41098342240971847,0.47403750703457387,,happiness,5f846eaa111dfd48d40fdda7
0.529566160348716,0.39562323895011553,0.2697002025618589,0.30632795801771523,0.2882978185938372,,happiness,5f6be9589e04b149046cbb79
0.5104968625437519,0.38987342650921375,0.27971157992485607,0.30945780248618826,0.40623781070810916,,happiness,5fbb8c6c4c55eb78bd7ce6c9
0.361596023002841,0.3025324453524726,0.1184699447749981,0.2631567269188937,0.36922450431451614,,happiness,5f789136f8fac448cc0a641d
0.4755049587731656,0.4764436904886905,0.17365256602757767,0.4770695116323737,0.43280481583133007,,happiness,5fbdd2534c55eb78bd7cec35
0.39931110835762007,0.2851405184106697,0.1364230892933323,0.20902679177936936,0.2352789243907324,,happiness,5f6012f1b878131628349ba9
0.7484955933369518,0.5645005628599788,0.19012861440494103,0.4418372092086636,0.39867813895322307,,happiness,5f85c4c1111dfd48d40fdfbd
0.6347026313384992,0.46640135462790633,0.15901961907944548,0.3542005034875111,0.40915333329344483,,happiness,5f6307bab878131628349e94
0.3267914937234351,0.19628074877224436,0.17562118572723417,0.10927358547145062,0.08038263199577408,,happiness,5f6384a154b2361621284dac
0.590481698277401,0.5223088551122159,0.1034609387286702,0.4768602930020926,0.5141748223176964,,happiness,5fb9e0f344697678c497b19d
0.528667887438586,0.3559799148631902,0.2107932687353145,0.24085459981292634,0.24271011358657382,,happiness,5f851985111dfd48d40fde07
0.7140131036426584,0.5445623918269107,0.17405803604906575,0.4315952506164121,0.39155571241032067,,happiness,5fb86c6744697678c497ad00
0.6660593145171634,0.5199013205309174,0.27179536532857884,0.4224626578734201,0.5100535187576548,,happiness,5fbb69f144697678c497b742
0.6453211421123848,0.5591906577944166,0.1654756202622527,0.5017703349157712,0.7351205021947088,,happiness,5fbdb25544697678c497bcd8
0.5781239979065393,0.4202888561841771,0.24211133146277047,0.31506542836926904,0.31867565931582176,,happiness,5f425a499dd513131eaceff8
0.6185537743721963,0.5417035556381203,0.1663363245145675,0.4904700764820697,0.594266584510762,,happiness,5fb8748444697678c497ad44
0.3063314650715139,0.21155205637490723,0.17410168382015712,0.14836578391050284,0.1181929040063022,,happiness,5f789591111dfd48d40fd629
0.7333190038618872,0.5540835806062165,0.1927782969873105,0.4345932984357695,0.4831319602462278,,happiness,5f9a2728d338b948c4e6b093
0.8279443210197385,0.6649405663385718,0.19275660529012165,0.5562713965511272,0.4549586956524695,,happiness,5fba3d05576e9378b67ac887
0.8509388494284279,0.8048684729442819,0.0970602858042526,0.7741548886215178,0.8121634392937832,,happiness,5fbc7cf544697678c497b9a5
0.6242713141141447,0.5657171526050024,0.1566392431859994,0.5266810449322409,0.5979142923972267,,happiness,5fbe28b644697678c497bfec
0.5547029150927673,0.42956936715418764,0.18960167287463245,0.34614700186180114,0.37383516912004916,,happiness,5fb9fa9dcb503578af9edfb4
0.44355270817340553,0.34833184979317366,0.1501507788728027,0.28485127753968564,0.3056827787727093,,happiness,5f5f68852e23c7161accd208
0.5107226837478704,0.46411320600713113,0.21142047567937028,0.43304022084663824,0.42129509669159226,,happiness,5fb33e430fb0f33aa31ca1aa
0.3890442494100463,0.3380548116872718,0.09670444845887471,0.30406185320542206,0.3792350871048186,,happiness,5f5b7710b878131628349855
0.8171193684599845,0.7577354858517715,0.13730512450967966,0.7181462307796296,0.8784308221832643,,happiness,5fba03bc44697678c497b296
0.5564769157229554,0.5290653062061599,0.1480647276468636,0.5107908998616295,0.669007791613025,,happiness,5fbcbfb644697678c497bbb4
0.6543438392224825,0.504910702720643,0.152316246688476,0.4052886117194167,0.41244292286296325,,happiness,5f8da3979e04b149046cd69f
0.5192277422817566,0.3817721687358394,0.19845542651803968,0.290135119705228,0.2507379818811889,,happiness,5f5e0e7c3bd6941613f6d264
0.4589214691184988,0.3941492083234847,0.11108739717789372,0.3509677011268087,0.44336365891338025,,happiness,5f846d369e04b149046cc895
0.5350054697745115,0.362321086182768,0.1829840757002241,0.24719816378827222,0.2297496217590083,,happiness,5f64c3c3f8fac448cc0a57e1
0.6185047724722753,0.4408018063280532,0.2320878917388535,0.32233316223190517,0.3028685034414196,,happiness,5f5cc49a2e23c7161accd03f
0.460386264292894,0.4360931592374434,0.12643350880702883,0.419897755867143,0.4813662276060442,,happiness,5f6f338b111dfd48d40fd2b8
0.5158681821482339,0.3628404429553457,0.16162477132955974,0.2608219501600869,0.20745692906509328,,happiness,5f81d96b9e04b149046cc5a3
0.39157146639283225,0.19424702180183245,0.20373575307230707,0.06269739207449919,0.05891427632277106,,happiness,5f83c3a7111dfd48d40fdc51
0.6402130320439828,0.47984459958178444,0.15974845195774037,0.37293231127365206,0.42830302562411987,,happiness,5f808495f8fac448cc0a666c
0.6612650627340646,0.5445666503206265,0.14628914493577322,0.46676770871166773,0.5546772644231616,,happiness,5f8e9f4e111dfd48d40fed10
0.5100124464484822,0.31125660118107007,0.25349339898832657,0.17875270433612858,0.18388660150814856,,happiness,5fba3cd94c55eb78bd7ce2cb
0.26416048531709296,0.2068826436910581,0.10547799840174482,0.16869741594036822,0.26910750290063284,,happiness,5f97ecf0d338b948c4e6ac6f
0.3613293162048784,0.24018378641170682,0.15219454262913987,0.15942009988292574,0.2364816843743516,,happiness,5f8f822bf8fac448cc0a7c62
0.3682092222766934,0.23127688342395575,0.2063944590744494,0.13998865752213074,0.20102231701510773,,happiness,5f681b90d338b948c4e682ef
0.46815943236982294,0.3392178813731297,0.19498464647251917,0.2532568473753342,0.23879707245384266,,happiness,5f851cfd9e04b149046cc8ff
0.6455037408762554,0.5847222120747974,0.10773854863535769,0.5442011928738253,0.5916976945324254,,happiness,5f66fcec111dfd48d40fcbbb
0.44624488280328684,0.38054633200649496,0.11220214052153345,0.336747298141967,0.4295318206279735,,happiness,5f8acb4fd338b948c4e69df7
0.4502520811307393,0.3292024586770774,0.1521347997171281,0.24850271037463623,0.26682489817381955,,happiness,5f6d8e979e04b149046cbd1d
0.6668269559460392,0.5399118680544073,0.13752179069562517,0.4553018094599861,0.5269081395635852,,happiness,5f8255539e04b149046cc5c6
0.7859341779711921,0.7490342599791333,0.06050361288597532,0.7244343146510941,0.8260591012091173,,happiness,5fbcdd084c55eb78bd7ceac0
0.5847464303831715,0.4041151810536265,0.23739106041020852,0.2836943481672631,0.2817021447295595,,happiness,5fb33bef0fb0f33aa31ca194
0.5976755448443722,0.4604942468100789,0.14246825154361528,0.3690400481205501,0.4386143732103284,,happiness,5f635f5f3bd6941613f6d6f7
0.5255408514268791,0.43310945340547297,0.19505138776938633,0.3714885213912021,0.341313852517209,,happiness,5f70acee111dfd48d40fd40a
0.6190015209801215,0.431010020930208,0.21687935109942144,0.30568235423026563,0.2549240761100777,,happiness,5f6a3b4b9e04b149046cba1c
0.49260450578839593,0.36373793461434445,0.19719547644191068,0.2778268871649768,0.33492256162540046,,happiness,5f8d762d9e04b149046cd63b
0.4819271330403587,0.3690335582185292,0.30790283384605943,0.2937711750039762,0.3671496544301031,,happiness,5f900812111dfd48d40fef6e
0.41237223559886166,0.3037634159456394,0.15103616693564437,0.23135753617682453,0.1845680840194112,,happiness,5f681468111dfd48d40fcc7d
0.6610049725188171,0.5331763875212465,0.15458765487940718,0.4479573308561995,0.5342095416850152,,happiness,5fba1d60576e9378b67ac7ac
0.550123989817209,0.4207670778688969,0.13986939236515797,0.33452913657002203,0.37540343747177535,,happiness,5f83eb84d338b948c4e69327
0.6977517344337558,0.6080112881890556,0.12980696726108792,0.5481843240259222,0.5831039241260236,,happiness,5fb88870cb503578af9edb55
0.4157769841945385,0.2642567485951691,0.16991317963842964,0.16324325819558952,0.14526745596274646,,happiness,5f83c729111dfd48d40fdc58
0.3343647131481403,0.2218629048094926,0.14111179615769534,0.1468616992503942,0.246289521913307,,happiness,5f5b48d654b2361621284699
0.5499478899677759,0.5182635734071301,0.09205472793904348,0.49714069570003305,0.5907153865208677,,happiness,5f97fbf49e04b149046ce08b
0.5774287045505088,0.473946008653067,0.10104079993761002,0.4049575447214391,0.5114006006243044,,happiness,5f893d88f8fac448cc0a72d0
0.3924382684055566,0.28409037067234844,0.15112894114709388,0.2118584388502096,0.23700625728288538,,happiness,5f6eab3dd338b948c4e68907
0.6323259427456457,0.42757859258428876,0.19888044504207664,0.29108035914338415,0.24780401972634516,,happiness,5f825564f8fac448cc0a690e
0.3469827465971618,0.29303298139724826,0.19688956116909104,0.2570664712639726,0.37877437729897195,,happiness,5f77e0d5f8fac448cc0a6388
0.5731086118497662,0.5156701700627562,0.12755117256614218,0.4773778755380827,0.4643683649385984,,happiness,5f685970111dfd48d40fcce4
0.32769309222527016,0.2513166934009898,0.11872190174374955,0.20039909418480292,0.3573346694146796,,happiness,5f7152b0111dfd48d40fd46c
0.5632743102560198,0.47253229090270377,0.16472112169090955,0.4120376113338265,0.5569302195560097,,happiness,5f425d239dd513131eacf024
0.4947082696568431,0.3967162704216261,0.10312956532487665,0.3313882709314815,0.4028285473007962,,happiness,5f6c3a68d338b948c4e68724
0.5673372925395612,0.45855396533431714,0.20409128318005543,0.38603174719748773,0.41608237910349194,,happiness,5fbb6759cb503578af9ee492
0.41654575003459793,0.3686224739941216,0.11857581088346483,0.3366736233004708,0.4519795766972311,,happiness,5fbcd2aecb503578af9ee96f
0.6935803996904439,0.6143478048087487,0.11465815720452133,0.5615260748876184,0.6599179238252817,,happiness,5fb8899c44697678c497add5
0.5172997307558294,0.3670720697354529,0.2053017034955583,0.2669202957218686,0.25061265207863537,,happiness,5f78773cd338b948c4e68ca8
0.7070437075696856,0.5659416732260901,0.1638156423558119,0.4718736503303598,0.4386222787335236,,happiness,5fbc83f24c55eb78bd7ce872
0.33117348158077564,0.22818301122455345,0.10739236726379907,0.15952269765373872,0.23445185578154285,,happiness,5f9924ee111dfd48d40ff7c5
0.6060019501286571,0.47936109635360563,0.18005123674418616,0.3949338605035712,0.5233848151397265,,happiness,5f99265bd338b948c4e6ae9a
0.7990964330327425,0.7292583783841562,0.1412819222772258,0.6826996752850988,0.7199369091935887,,happiness,5fb4b6ab4c55eb78bd7cda26
0.3947204790336291,0.24917082566679194,0.15441794918100715,0.15213772342223386,0.2154964406590531,,happiness,5f6f5832d338b948c4e68975
0.5003945895421024,0.4161424058229217,0.17112611276989492,0.35997428334346804,0.3622946487503396,,happiness,5fbe0a4ecb503578af9eec41
0.22687399550129367,0.19680404201349858,0.12055023070505687,0.1767574063549685,0.16188875057059487,,happiness,5f5ec27554b2361621284969
0.4035278327239877,0.32717559957319275,0.12925820841516183,0.27627411080599623,0.2626588047114047,,happiness,5fbe23c3576e9378b67ad3cb
0.4262657208827068,0.3854400299870271,0.19799712044658271,0.35822290272324064,0.34932432581197087,,happiness,5fba3605576e9378b67ac82a
0.5949121953696359,0.5023825176139802,0.11350403246225524,0.4406960657768764,0.45314013214567755,,happiness,5f605a6b3bd6941613f6d436
0.37701041300580995,0.2901270381393156,0.15057228226068936,0.23220478822831944,0.2967982114465956,,happiness,5f6a169cf8fac448cc0a5cf5
0.6318394485931584,0.513582374888145,0.12263897615549868,0.4347443257514692,0.522580960916754,,happiness,5f6affecd338b948c4e68630
0.6252639103068695,0.5156753128916398,0.20052975414766247,0.44261624794815324,0.3850166882571722,,happiness,5f6ea683d338b948c4e688f5
0.5521971743536302,0.45279356802039505,0.14931775544013517,0.38652449713157155,0.46495002484441567,,happiness,5f989d8a9e04b149046ce17d
0.5752690784443727,0.5453994177189196,0.07321763054808408,0.5254863105686174,0.675443347625644,,happiness,5fbb6c4544697678c497b759
0.29651620787068816,0.1955280234161937,0.11750676122054067,0.1282025671131974,0.2150261930977561,,happiness,5f8c22b6111dfd48d40fe87a
0.4881908160060395,0.39749996507874996,0.13570959044983738,0.33703939779389036,0.5340626081806787,,happiness,5f60b7b354b2361621284af4
0.6159805936770286,0.4967390573047147,0.18748960168198026,0.417244699723172,0.5012678435485561,,happiness,5f60bba73bd6941613f6d486
0.2307533232408874,0.2966481449618576,0.1788591041061045,0.34057802610917104,0.4955585782283792,,happiness,5f6b6c76111dfd48d40fd006
0.46707187742913625,0.34866817926639665,0.2063476643560914,0.2697323804912368,0.23516142908036022,,happiness,5f8271d3d338b948c4e6916d
0.5634053090352238,0.4222316178983063,0.1574497873592286,0.32811582380702803,0.32510930328355747,,happiness,5f89a3f6f8fac448cc0a73ab
0.36680991885380915,0.3652884563376788,0.14564103308931325,0.36427414799359187,0.40103686095169105,,happiness,5f5e1abe2e23c7161accd114
0.5688545193470467,0.3905801405898784,0.17227084279843918,0.2717305547517663,0.2912477903981046,,happiness,5f8ea276d338b948c4e6a3fc
0.6179392450686177,0.44430906051392755,0.1910124035387296,0.3285556041441341,0.3362401038692141,,surprise,5f5b60523bd6941613f6d07a
0.46227497129075623,0.41989537351457457,0.12389564288287125,0.3916423083304536,0.39246480269011497,,surprise,5f62bb8d54b2361621284c8c
-0.12751155449835821,0.036814799223720475,0.24051011773195313,0.14636570170510627,0.32626242438432096,,surprise,5f64b5c7f8fac448cc0a57b6
0.6063747761376141,0.5001500275258081,0.12597738616081602,0.42933352845127065,0.5307362584647107,,surprise,5f70ae25111dfd48d40fd40d
0.5834375921026016,0.3333185239615183,0.23292984206166598,0.16657247853412938,0.1328389801066776,,surprise,5f98e3be111dfd48d40ff749
0.2918270901619152,0.20424095579760024,0.09762151708753858,0.14585019955472356,0.16751974050335391,,surprise,5f3dca148a3c1005aa97cbb9
0.8995617070574567,0.8510461096921199,0.05567196311596013,0.8187023781152284,0.8672423753256971,,surprise,5fbe1524cb503578af9eecad
0.6472981305301632,0.5972194523788301,0.12788998622964043,0.5638336669446082,0.6908151085407218,,surprise,5f5b7bbb2e23c7161acccf5d
0.5138637744770296,0.3696340036524269,0.2826985343556121,0.2734808231026918,0.27594576514040386,,surprise,5fba3b85cb503578af9ee18e
0.4896811830764165,0.37974029624161415,0.17917637131615877,0.3064463716850792,0.29798095310430106,,surprise,5f5d7539b87813162834999c
0.27449504040994427,0.26121980598426914,0.10166390905866796,0.25236964970048575,0.2989812743822156,,surprise,5f5e1ad454b2361621284906
0.6133136382139275,0.4650545860256048,0.24469967540382526,0.36621521790005623,0.31281683871569343,,surprise,5fbca6334c55eb78bd7ce975
0.6492467400082979,0.5326289472926155,0.1527226474183742,0.45488375214882715,0.5661925991389136,,surprise,5f6309da54b2361621284d10
0.4702903153707588,0.3501283705945737,0.1500325330586497,0.27002040741045025,0.2839638630267161,,surprise,5fbcd83644697678c497bc50
0.5440351530601968,0.48261806008180386,0.15408443067924812,0.4416733314295418,0.5649543361564657,,surprise,5f6b419a111dfd48d40fcfba
0.6578023997158832,0.48981828562113305,0.20171738827639563,0.37782887622463307,0.3890228815435881,,surprise,5fbb167c4c55eb78bd7ce384
0.5148675479221911,0.38518695016906207,0.14185474825910058,0.29873321833364264,0.33925500816554444,,surprise,5f98e452111dfd48d40ff74a
0.7680266072231663,0.6547185876750615,0.1289567574146336,0.5791799079763251,0.6117620586806594,,surprise,5fb9c669cb503578af9ede94
0.5058567348034828,0.3638351175887197,0.16917490232749333,0.2691540394455444,0.3051502413227205,,surprise,5f63e1c53bd6941613f6d794
0.4176011763308457,0.29714107306252646,0.15096434867617584,0.21683433755031364,0.2874315560241288,,surprise,5f630695b878131628349e8f
0.7366388627916347,0.5923987429285584,0.15237356982819958,0.4962386630198408,0.5365076278710321,,surprise,5fbcc1484c55eb78bd7cea07
0.552142333382894,0.36584955389929974,0.1749351063074951,0.24165436757690373,0.1960519104682062,,surprise,5f6ad370d338b948c4e685e4
0.5040321271188177,0.3791107569529693,0.1490886910749663,0.2958298435090703,0.2357162884251892,,surprise,5f5e1b282e23c7161accd116
0.4851849778924696,0.30179878067758,0.1930282777084909,0.17954131586765354,0.25944081069497515,,surprise,5f693febd338b948c4e6840f
0.5692728940765197,0.4274843632858259,0.19539352500201987,0.33295867609203,0.2697081953205362,,surprise,5f98a721111dfd48d40ff6e6
0.7366139402577447,0.5205644376007139,0.23666361337340042,0.37653143582936005,0.3204121052491177,,surprise,5fbca5e8576e9378b67acf78
0.7234073679027526,0.6756654559864887,0.10990785820008467,0.6438375147089795,0.6562068684966561,,surprise,5fbb4ee344697678c497b63d
0.5415913584913957,0.3486390866996366,0.25231583279368963,0.2200042388384639,0.29422592482291565,,surprise,5fb33c7675b0a9389bf3967f
0.5898105061680423,0.5343997783183589,0.0699646069487846,0.4974592930852366,0.644253941689933,,surprise,5f917688111dfd48d40ff095
0.5258692066861967,0.3728010667455872,0.18970555898238306,0.2707556401185143,0.25813872510044295,,surprise,5f6a10b29e04b149046cb9e7
0.6093966865328532,0.46396942316039513,0.19845172880146295,0.36701791424542307,0.4082855423116977,,surprise,5f607e173bd6941613f6d445
0.5894631723279767,0.4320799498781625,0.202431253847627,0.3271578015782863,0.3097321815972738,,surprise,5f808a66d338b948c4e68f17
0.5592992850443401,0.3573353482561524,0.20248750907675653,0.2226927237306939,0.23977076986843368,,surprise,5f83081bf8fac448cc0a69af
0.5308387122385453,0.49366762643715745,0.12139180703105792,0.46888690256956567,0.5263675606456405,,surprise,5fbc9dbccb503578af9ee7f1
0.4779495997086086,0.4475197396552314,0.14714402448753167,0.42723316628631336,0.5534665550416905,,surprise,5f62ce452e23c7161accd50d
0.47887054242974847,0.4160786189066029,0.15025113837157975,0.3742173365578392,0.38662208952012894,,surprise,5f708d0fd338b948c4e68a53
0.6079032137271572,0.4611239486487898,0.14146729911247993,0.36327110526321166,0.4123087708483795,,surprise,5fbb2ee3cb503578af9ee2ec
0.49274415028830704,0.39106189601326313,0.1259025903787362,0.3232737264965672,0.37752585288170015,,surprise,5f69e787d338b948c4e684c9
0.5760703964038879,0.5416655614871031,0.14414243022844497,0.5187290048759133,0.6262205794208713,,surprise,5fba36a644697678c497b3cc
0.5122841230795878,0.34737282095527455,0.17047574659440606,0.23743195287239902,0.2328415989971544,,surprise,5f681f879e04b149046cb7ef
-0.08239226175433027,0.012398859302288193,0.16020577761607846,0.0755929400067005,0.18830255753376868,,surprise,5f68c9e4111dfd48d40fcd60
0.7342999719060214,0.5510402909413676,0.17950269515221265,0.4288671702982652,0.4264170368415298,,surprise,5f6afd189e04b149046cbae0
0.4473818532629733,0.416626294880186,0.14772467039638823,0.39612258929166105,0.4337398223231234,,surprise,5f793f3ff8fac448cc0a649d
0.6464308046294404,0.5758703500293708,0.12312587174700437,0.5288300469626579,0.4952280518210393,,surprise,5fb9c5194c55eb78bd7cdfa4
0.48097000773757004,0.3209303162896905,0.1804491473156324,0.21423718865777072,0.18698517439700962,,surprise,5f6fffd4111dfd48d40fd370
0.7016047122188923,0.4607192209564973,0.24277818759069608,0.30012889344823407,0.22358654758514526,,surprise,5fbdd260576e9378b67ad269
0.44564767470345557,0.35961643198608195,0.1943556163068463,0.3022622701744996,0.34380985646262485,,surprise,5f831be7111dfd48d40fdc21
0.6498105389682687,0.45923461792096376,0.22268431572546654,0.3321840038894272,0.27481337663626243,,surprise,5fbb1ac444697678c497b503
0.6149785011711102,0.46938387326633385,0.1726122689626928,0.3723207879964831,0.4074375456589356,,surprise,5f992fbbf8fac448cc0a85d2
0.4652246897958132,0.3410066908502879,0.2038270968736816,0.25819469155327096,0.40145831931780285,,surprise,5f60bf3bb878131628349c71
0.4805168553259285,0.3162092291776485,0.21345490397881953,0.20667081174546179,0.16715800125447342,,surprise,5f6c23e2111dfd48d40fd097
0.698558858227895,0.4890044845665235,0.2457592915940139,0.34930156879227586,0.28385395007339714,,surprise,5fbd0f3644697678c497bca7
0.529815018027053,0.37244423041665775,0.23070899496316957,0.26753037200972757,0.27785076458395597,,surprise,5f5c207a2e23c7161acccfc0
0.5529053417405725,0.36860428798376654,0.22706004200761445,0.24573691881256252,0.18397708086475703,,surprise,5f5f075954b23616212849b4
0.4261054341362232,0.3303825363450513,0.10215706749187413,0.26656727115093687,0.3797327481689783,,surprise,5f77c8b6f8fac448cc0a6360
0.3301833319726227,0.23585740939945002,0.11047319521881308,0.17297346101733488,0.2933424164966762,,surprise,5f6363d154b2361621284d6b
0.7618517442920478,0.5964268984760345,0.18003441401809647,0.4861436679320256,0.46072159169858035,,surprise,5f8da64dd338b948c4e6a2c8
0.5168031884408136,0.3894244632524252,0.13707233194331772,0.30450531312683277,0.423525774033645,,surprise,5f92802b111dfd48d40ff1af
0.6965387890024626,0.526383339540182,0.18602920867505718,0.41294637323199507,0.3778464381598974,,surprise,5fbcc137576e9378b67ad02a
0.790864773050441,0.687728226791972,0.15192699968375417,0.618970529286326,0.6382599499539274,,surprise,5fba17674c55eb78bd7ce19c
0.01774568524818077,0.022487902093143632,0.10946652496855185,0.02564937998978554,0.10127007957619902,,surprise,5f68cbf2f8fac448cc0a5baa
0.6342696358422681,0.5050554709473345,0.19735034334482324,0.4189126943507122,0.5009173909074637,,surprise,5f81da04f8fac448cc0a68e6
0.573663279376245,0.40703966384213075,0.23456444495036674,0.29595725348605456,0.24850374276823992,,surprise,5f66a00b111dfd48d40fcb2d
0.4701113658252179,0.44427117976549474,0.10332245871883286,0.4270443890590127,0.48697232591795764,,surprise,5f5b7c6154b2361621284732
0.60663558544643,0.36285562314255093,0.23140979055906155,0.20033564827329822,0.19642673959180412,,surprise,5fba19decb503578af9ee071
0.5433515393793156,0.5002990771741779,0.11248806302453501,0.4715974357040862,0.6888926257401555,,surprise,5fbe2a19cb503578af9eed2e
0.5755138292968545,0.45459433495307405,0.23869406735442852,0.3739813387238872,0.394045202761496,,surprise,5fbb6ab9576e9378b67acb7d
0.609595636733874,0.3731286000878972,0.24440566271905687,0.21548390899057948,0.11872336883116756,,surprise,5fba1c224c55eb78bd7ce1d1
0.4856728567186762,0.462347967894775,0.18094793601575837,0.4467980420121742,0.44667702015559646,,surprise,5fbb854944697678c497b800
0.6159860735356217,0.37159509565520993,0.22928736444136893,0.20866777706826878,0.1824196104130989,,surprise,5fbb32d14c55eb78bd7ce42e
0.5422913998155617,0.4600468547221359,0.15075166462426123,0.40521715799318553,0.4417063998119051,,surprise,5fbb506fcb503578af9ee3bc
0.7030496307084648,0.6339372570327322,0.1484304883912362,0.5878623412489107,0.5667213977757068,,surprise,5fb87344576e9378b67ac1db
0.7432755746503366,0.6476914985394969,0.15832823729628132,0.5839687811322705,0.5497929224458197,,surprise,5f6032cab878131628349be1
0.41020738399465617,0.3634749035839794,0.11943196317171068,0.3323199166435283,0.47380625333244614,,surprise,5f924f529e04b149046cdc67
0.5194673650666767,0.40843641926032836,0.16608257393122572,0.33441578872276273,0.45188238600365904,,surprise,5f808ac2f8fac448cc0a669a
0.589904740429448,0.45222771301227577,0.20768112318088439,0.3604430280674944,0.34151940825276583,,surprise,5f78104e111dfd48d40fd597
0.6978104654172966,0.5300985750712249,0.274668072844333,0.4182906481738439,0.3612233666809096,,surprise,5f80863ef8fac448cc0a6674
0.4768368634969717,0.33055015756516887,0.34607111249852196,0.233025686943967,0.10740344514206615,,surprise,5f6fe5d5111dfd48d40fd35e
0.6655801638751551,0.619147103083046,0.12319238709015168,0.58819172922164,0.6562616711462324,,surprise,5fbcbcf6576e9378b67acfee
0.595282505000641,0.46795480570740083,0.19471464809043418,0.3830696728452407,0.4045925639668222,,surprise,5fb48f74cb503578af9ed842
0.6118050125291652,0.48678894500452097,0.21975964641107876,0.40344489998809147,0.45328742508269054,,surprise,5fbc9d534c55eb78bd7ce900
0.5410897044862445,0.4301867897907964,0.18856722260058256,0.35625151332716437,0.46167256143405616,,surprise,5f8e4f25111dfd48d40fec6e
0.6192785848607911,0.47488669533793554,0.19619207167473812,0.37862543565603185,0.40007667837254357,,surprise,5f628c8f3bd6941613f6d60b
0.5855260683685005,0.47612558115396164,0.13578035326795865,0.4031919230109356,0.4836115151084236,,surprise,5f5fd8022e23c7161accd253
0.7107997423573651,0.4712830908166854,0.2226643118320098,0.31160532312289896,0.24496890538086682,,surprise,5f8da61f111dfd48d40fec1c
0.533078427387531,0.4097864393655538,0.1543811266516421,0.32759178068423567,0.4070187899523744,,surprise,5f41d7639dd513131eaceef4
0.43501591827780073,0.298907009922837,0.18592748695525613,0.20816773768619456,0.29447972516415133,,surprise,5f6eb37ed338b948c4e68928
0.2801674227541574,0.31494603644825325,0.15688596825577594,0.33813177891098384,0.3812018031599781,,surprise,5f90293a9e04b149046cda9d
0.3638319982468149,0.21793136078094047,0.21286036892904384,0.12066426913702422,0.04933758558607173,,surprise,5f866c03111dfd48d40fe078
0.6220311337461786,0.3587157274154031,0.26894732851641284,0.18317212319488616,0.12489124725889436,,surprise,5f5ec15c2e23c7161accd17a
0.5647515061718613,0.4910914597553638,0.13350206859100736,0.4419847621443654,0.5692709618616368,,surprise,5f6016ce2e23c7161accd27f
0.7875551734795782,0.6975161004943037,0.16073961199928596,0.6374900518374541,0.7730498594770056,,surprise,5fbc6a18576e9378b67acd88
0.6669903279679734,0.5477449448617321,0.1744878612782729,0.4682480227909045,0.6072679347331281,,surprise,5f8ba30c9e04b149046cd2fa
0.6311101819819197,0.44240135217695575,0.20223527966466381,0.31659546564031327,0.31323320885218786,,surprise,5f69a0ad111dfd48d40fce31
0.6111545248131973,0.4742163040898185,0.2061314874763361,0.3829241569408992,0.38203942653386636,,surprise,5f67057a9e04b149046cb6f8
0.34503627158595535,0.3134892641904262,0.18886223115316023,0.2924579259267402,0.30015231448975443,,surprise,5f77e7e2f8fac448cc0a6396
0.6157499992709521,0.5622005997496148,0.17616284138322622,0.5265010000687232,0.5919851620349246,,surprise,5fb9e21bcb503578af9edf2c
0.39734358039301787,0.2832692882515991,0.17998692964140667,0.20721976015731988,0.35293206603901944,,surprise,5f81c8e3f8fac448cc0a68ca
0.5834319160176443,0.3590133119149096,0.2647494077291048,0.20940090917975307,0.20050491890594038,,surprise,5fb33dbf0fb0f33aa31ca1a4
0.5605348747119036,0.4395442297462469,0.12577766361301232,0.35888379976914236,0.4175975717284661,,surprise,5f708fb4111dfd48d40fd3e6
